證券代號,證券名稱,成交股數,成交筆數,成交金額,開盤價,最高價,最低價,收盤價,漲跌(+/-),漲跌價差,最後揭示買價,最後揭示買量,最後揭示賣價,最後揭示賣量,本益比,Unnamed: 16
1101,台泥,17253431,"5,195",660458397,38.25,38.50,38.20,38.20,-,0.25,38.20,637,38.25,26,10.49,
1101B,台泥乙特,268574,55,13802843,51.30,51.50,51.30,51.50,+,0.1,51.40,104,51.50,85,0.00,
1102,亞泥,13671823,"6,056",528185327,37.95,38.90,37.95,38.60,+,0.75,38.60,98,38.65,2,11.80,
1103,嘉泥,1045700,309,14603269,14.10,14.10,13.90,13.90,-,0.15,13.90,86,14.00,39,4.91,
1104,環泥,222310,94,4297545,19.40,19.45,19.30,19.40,,0.0,19.35,13,19.40,11,11.09,
1108,幸福,83000,27,613270,7.39,7.39,7.34,7.39,,0.0,7.34,3,7.42,20,0.00,
1109,信大,84170,31,1177956,14.10,14.10,13.95,14.00,+,0.1,13.95,1,14.00,24,6.60,
1110,東泥,56798,18,923827,16.40,16.40,16.20,16.30,-,0.1,16.20,2,16.30,6,65.20,
1201,味全,769100,401,16936059,22.10,22.15,21.90,21.90,-,0.15,21.85,60,21.90,4,6.93,
1203,味王,21250,40,554300,26.05,26.15,26.05,26.15,+,0.1,26.10,1,26.15,4,14.45,
1210,大成,771599,598,26832612,34.90,35.00,34.70,34.70,-,0.15,34.70,16,34.80,12,11.23,
1213,大飲,60204,49,656629,10.90,11.10,10.85,10.85,-,0.15,10.85,6,10.90,2,0.00,
1215,卜蜂,521187,388,28152448,54.40,54.90,53.80,53.90,-,0.1,53.90,10,54.00,21,14.11,
1216,統一,4341730,"2,052",322938862,73.90,74.80,73.90,74.50,+,0.1,74.40,505,74.50,26,10.64,
1217,愛之味,545979,206,3880173,7.09,7.12,7.08,7.12,+,0.03,7.11,5,7.13,32,17.80,
1218,泰山,669928,269,12114704,18.10,18.25,18.00,18.00,-,0.05,18.00,117,18.05,4,19.78,
1219,福壽,20003,13,369704,18.50,18.50,18.45,18.45,-,0.05,18.35,15,18.45,3,108.53,
1220,台榮,53013,32,578691,10.85,11.00,10.85,10.85,-,0.1,10.85,17,10.90,2,22.60,
1225,福懋油,9436,13,664931,71.00,71.00,70.20,70.20,-,0.5,70.20,1,70.60,4,86.67,
1227,佳格,1668456,"1,150",86046415,50.80,52.00,50.70,51.60,+,0.8,51.50,123,51.70,3,16.49,
1229,聯華,1778021,"1,163",55947755,31.70,31.80,31.35,31.40,-,0.3,31.35,144,31.45,6,12.66,
1231,聯華食,303502,278,12466066,42.00,42.00,40.85,41.00,-,0.85,41.00,17,41.05,6,13.67,
1232,大統益,120085,76,12025239,100.50,100.50,99.80,100.00,,0.0,99.90,5,100.00,3,19.16,
1233,天仁,24014,24,932424,38.80,38.90,38.75,38.85,+,0.05,38.85,3,38.90,6,19.23,
1234,黑松,131561,68,4103294,31.20,31.20,31.05,31.20,+,0.1,31.20,3,31.25,4,18.80,
1235,興泰,114913,34,3269287,28.35,28.60,28.35,28.50,,0.0,28.50,1,28.55,11,10.59,
1236,宏亞,42452,25,589878,13.80,13.95,13.80,13.90,+,0.1,13.90,1,13.95,1,0.00,
1256,鮮活果汁-KY,23440,25,3832220,163.50,163.50,163.50,163.50,,0.0,163.50,3,164.00,5,12.22,
1262,綠悅-KY,265000,159,9990300,37.90,38.10,37.50,37.55,-,0.25,37.55,3,37.65,2,0.00,
1301,台塑,8956977,"3,248",922507631,103.50,103.50,102.50,103.00,-,0.5,103.00,462,103.50,693,10.91,
1303,南亞,6898983,"3,080",528282972,76.60,77.10,76.10,77.10,+,0.5,77.00,11,77.10,174,9.21,
1304,台聚,1021051,402,12637116,12.30,12.45,12.30,12.35,+,0.05,12.35,10,12.40,11,15.25,
1305,華夏,2140232,841,50434303,23.60,23.70,23.50,23.55,-,0.05,23.55,67,23.60,75,7.80,
1307,三芳,96745,52,2502941,25.65,25.95,25.65,25.80,+,0.15,25.80,4,25.90,25,29.66,
1308,亞聚,382988,189,5571414,14.50,14.60,14.50,14.60,+,0.1,14.55,127,14.60,3,22.81,
1309,台達化,835903,326,8665794,10.30,10.45,10.25,10.35,+,0.05,10.35,32,10.40,34,5.42,
1310,台苯,2111464,815,51643237,24.45,24.60,24.35,24.45,,0.0,24.40,12,24.45,27,9.90,
1312,國喬,5634650,"2,092",136222400,24.35,24.50,24.00,24.00,-,0.2,24.00,209,24.05,11,5.83,
1312A,國喬特,29000,2,1043950,35.95,36.00,35.95,36.00,+,0.2,35.75,1,36.00,1,0.00,
1313,聯成,853374,366,11114162,13.00,13.10,12.95,13.00,+,0.05,13.00,145,13.05,59,11.93,
1314,中石化,10784595,"2,618",118942868,11.10,11.20,10.95,10.95,-,0.1,10.95,502,11.00,202,5.76,
1315,達新,507884,162,15236520,30.00,30.00,30.00,30.00,+,2.7,30.00,269,--,0,22.22,
1316,上曜,1455008,672,19556199,13.40,13.70,13.30,13.30,+,0.05,13.30,15,13.35,19,2.41,
1319,東陽,1321519,931,51068581,39.20,39.20,38.35,38.65,-,0.2,38.60,12,38.65,2,10.89,
1321,大洋,153000,50,3980950,26.10,26.10,25.90,26.00,-,0.1,26.00,1,26.05,6,0.00,
1323,永裕,499053,168,18384555,36.80,37.20,36.70,37.20,+,0.5,36.90,1,37.20,2,11.10,
1324,地球,12007,15,131427,11.00,11.00,10.90,10.95,-,0.05,10.90,27,11.00,5,182.50,
1325,恆大,33000,20,541400,16.40,16.45,16.40,16.40,,0.0,16.40,12,16.45,11,23.10,
1326,台化,6633294,"2,505",703688664,107.00,107.00,105.50,106.00,-,1.0,106.00,30,106.50,74,9.79,
1337,再生-KY,535216,248,3949763,7.38,7.43,7.35,7.35,,0.0,7.35,4,7.36,9,0.00,
1338,廣華-KY,167245,167,13359700,79.90,80.00,79.60,79.70,+,0.2,79.60,5,79.70,1,10.11,
1339,昭輝,119000,69,4191350,35.25,35.35,35.05,35.30,+,0.2,35.25,5,35.30,4,7.02,
1340,勝悅-KY,701623,507,13451508,19.55,19.65,18.80,18.95,-,0.6,18.95,7,19.00,10,6.25,
1341,富林-KY,10000,10,467500,46.80,46.80,46.30,46.80,,0.0,46.40,1,46.85,2,8.04,
1402,遠東新,6965446,"2,528",217696033,31.50,31.60,30.85,31.25,-,0.25,31.25,183,31.35,1,13.41,
1409,新纖,2381439,797,31357633,13.10,13.30,13.05,13.20,+,0.1,13.20,3,13.25,160,9.43,
1410,南染,47035,19,1175825,25.45,25.45,24.95,25.15,,0.0,24.95,26,25.15,2,17.59,
1413,宏洲,326326,135,3981362,12.30,12.40,12.00,12.10,+,0.15,12.10,19,12.15,5,6.61,
1414,東和,90751,32,649556,7.18,7.18,7.13,7.17,,0.0,7.15,2,7.17,11,79.67,
1416,廣豐,110917,61,1638462,14.85,14.85,14.75,14.75,-,0.1,14.75,5,14.80,20,23.79,
1417,嘉裕,608116,187,3045240,5.00,5.05,4.98,5.00,-,0.01,5.00,84,5.02,7,0.00,
1418,東華,4516,17,41695,9.46,9.46,9.46,9.46,-,0.04,9.48,1,10.20,1,0.00,
1419,新紡,2,2,84,--,--,--,--,,0.0,42.75,1,42.90,1,9.21,
1423,利華,228200,71,2350852,10.35,10.35,10.30,10.35,+,0.05,10.30,1,10.35,35,15.68,
1432,大魯閣,73000,44,584090,8.08,8.08,7.92,8.04,+,0.01,8.04,1,8.05,26,0.00,
1434,福懋,2786376,"2,032",97712660,35.10,35.20,34.90,35.05,-,0.05,35.05,21,35.10,9,11.80,
1435,中福,15031,34,81996,5.46,5.48,5.45,5.48,-,0.01,5.45,5,5.48,3,0.00,
1436,華友聯,11650,13,426168,36.80,36.80,36.45,36.80,+,0.1,36.45,1,36.85,1,8.98,
1437,勤益控,115787,43,2214039,19.20,19.20,19.05,19.05,-,0.05,19.05,19,19.10,10,14.32,
1438,裕豐,0,0,0,--,--,--,--,,0.0,7.45,1,7.61,2,0.00,
1439,中和,113000,83,3526900,31.20,31.60,31.05,31.20,,0.0,31.20,5,31.30,6,0.00,
1440,南紡,472937,193,5874559,12.45,12.45,12.40,12.40,,0.0,12.35,66,12.40,1,15.90,
1441,大東,140622,75,1899593,13.35,13.70,13.30,13.65,+,0.3,13.60,18,13.65,5,1.12,
1442,名軒,192221,101,2957691,15.50,15.50,15.30,15.30,-,0.2,15.30,35,15.50,51,18.21,
1443,立益,45646,23,319258,7.00,7.05,6.98,7.05,+,0.05,6.99,3,7.09,9,0.00,
1444,力麗,1004579,333,9967600,9.94,9.95,9.89,9.89,-,0.03,9.88,47,9.89,2,21.04,
1445,大宇,58244,25,455182,7.81,7.85,7.80,7.83,-,0.01,7.79,7,7.83,7,0.00,
1446,宏和,78000,48,1854500,23.85,23.90,23.70,23.85,-,0.05,23.85,3,23.90,17,0.00,
1447,力鵬,575841,149,4542512,7.88,7.91,7.87,7.89,+,0.01,7.88,54,7.90,23,11.27,
1449,佳和,19004,18,93416,4.89,4.94,4.83,4.91,+,0.02,4.89,2,4.92,8,163.67,
1451,年興,145551,106,3885000,26.70,26.80,26.65,26.65,-,0.05,26.60,32,26.65,1,13.19,
1452,宏益,1053017,535,20380342,19.35,19.50,19.10,19.35,+,0.35,19.35,30,19.40,2,12.09,
1453,大將,75154,26,699312,9.43,9.43,9.26,9.26,-,0.08,9.30,2,9.36,1,2.42,
1454,台富,11401,14,93014,8.18,8.18,8.14,8.16,-,0.01,8.14,2,8.16,1,40.80,
1455,集盛,2003941,398,18671746,9.31,9.35,9.28,9.29,,0.0,9.29,22,9.30,20,10.93,
1456,怡華,22000,10,189360,8.71,8.71,8.41,8.41,-,0.31,8.20,1,8.55,4,22.13,
1457,宜進,778500,190,9995141,12.90,12.95,12.75,12.85,-,0.05,12.85,9,12.90,59,3.47,
1459,聯發,112400,37,915518,8.17,8.18,8.12,8.14,-,0.03,8.12,8,8.14,5,17.32,
1460,宏遠,472056,175,5415936,11.55,11.55,11.40,11.45,-,0.1,11.45,13,11.50,70,23.85,
1463,強盛,676995,366,9332530,13.55,14.05,13.55,13.70,+,0.2,13.70,31,13.80,43,9.51,
1464,得力,93538,67,1961337,20.95,21.00,20.90,20.95,,0.0,20.95,29,21.00,40,28.31,
1465,偉全,23400,12,327850,14.05,14.05,14.00,14.00,-,0.15,14.00,8,14.05,16,0.00,
1466,聚隆,5254,20,51100,9.83,9.83,9.67,9.67,-,0.13,9.66,3,9.80,3,0.00,
1467,南緯,189060,75,1731800,9.18,9.20,9.14,9.14,-,0.04,9.14,5,9.16,3,0.00,
1468,昶和,53000,28,537000,10.25,10.35,10.00,10.35,-,0.05,10.05,11,10.25,1,258.75,
1470,大統新創,36011,24,837792,23.20,23.50,22.65,22.65,+,0.45,21.65,1,23.10,1,41.18,
1471,首利,112959,82,663468,5.91,5.94,5.82,5.90,,0.0,5.84,4,5.91,5,0.00,
1472,三洋紡,88996,51,3233502,36.60,36.60,36.10,36.15,-,0.15,36.15,1,36.30,3,0.00,
1473,台南,65187,57,1255608,19.25,19.30,19.25,19.25,-,0.05,19.25,3,19.30,3,0.00,
1474,弘裕,53162,47,570497,10.70,10.75,10.70,10.75,-,0.05,10.70,7,10.75,23,13.27,
1475,本盟,4120,5,44272,10.65,10.80,10.60,10.80,,0.0,10.60,2,10.85,1,0.00,
1476,儒鴻,1160290,997,408652370,349.50,356.00,346.50,354.50,+,8.0,354.00,15,355.00,5,23.12,
1477,聚陽,1196517,"1,049",223123913,189.00,190.00,185.00,187.00,-,1.0,186.00,17,187.00,27,28.08,
1503,士電,87400,50,3653947,41.70,42.00,41.70,41.80,+,0.05,41.80,2,42.00,8,15.48,
1504,東元,5162814,"1,879",98915908,19.10,19.30,19.10,19.20,,0.0,19.20,175,19.25,25,12.39,
1506,正道,301279,106,6136360,20.05,20.60,20.05,20.60,+,0.35,20.50,2,20.60,4,0.00,
1507,永大,167576,156,10026773,59.70,60.00,59.70,59.80,+,0.1,59.80,32,59.90,10,32.86,
1512,瑞利,71000,22,499040,7.00,7.10,7.00,7.10,+,0.1,7.00,5,7.10,4,0.00,
1513,中興電,668227,192,13712913,20.60,20.60,20.45,20.55,-,0.05,20.50,104,20.55,5,16.05,
1514,亞力,536184,186,7555376,14.15,14.25,14.00,14.00,-,0.15,14.00,48,14.10,13,14.74,
1515,力山,8971840,"5,194",793987180,88.30,90.40,86.90,86.90,-,1.4,86.90,10,87.00,5,59.12,
1516,川飛,4488,8,71908,16.05,16.05,16.00,16.05,+,0.1,16.05,10,16.20,1,23.60,
1517,利奇,117009,44,1171690,10.00,10.10,10.00,10.00,,0.0,10.00,72,10.05,28,30.30,
1519,華城,270000,82,5924350,22.15,22.15,21.85,21.95,-,0.15,21.95,17,22.00,4,0.00,
1521,大億,70872,58,4150298,58.50,58.70,58.40,58.60,+,0.2,58.50,9,58.60,1,12.26,
1522,堤維西,1230294,608,33122999,26.90,27.05,26.80,26.85,+,0.05,26.85,42,26.90,2,15.70,
1524,耿鼎,350459,111,3597719,10.30,10.30,10.20,10.30,,0.0,10.25,43,10.30,37,9.28,
1525,江申,55096,54,3428080,62.30,62.50,61.90,62.00,,0.0,62.00,10,62.30,1,10.78,
1526,日馳,1676776,"1,171",59365860,35.30,35.90,35.00,35.00,,0.0,35.00,38,35.10,3,13.73,
1527,鑽全,907584,676,46395074,51.60,52.00,50.80,50.90,-,0.7,50.90,30,51.10,2,8.76,
1528,恩德,492304,214,5161577,10.50,10.55,10.40,10.50,-,0.1,10.45,38,10.50,133,32.81,
1529,樂士,11480,23,166012,14.20,14.70,14.20,14.70,+,0.5,14.70,1,15.00,1,133.64,
1530,亞崴,58000,31,1783450,30.95,30.95,30.55,30.55,-,0.2,30.50,13,30.55,3,9.76,
1531,高林股,116067,43,1926415,16.60,16.60,16.55,16.60,,0.0,16.55,28,16.60,18,22.43,
1532,勤美,1156060,580,44613433,38.65,39.00,38.15,38.15,-,0.3,38.15,1,38.30,2,9.30,
1533,車王電,151398,95,5599286,36.70,37.20,36.70,37.15,+,0.45,37.10,2,37.15,4,17.20,
1535,中宇,49006,27,1585445,32.05,32.75,32.05,32.65,+,0.35,32.15,1,32.50,1,31.39,
1536,和大,1156012,705,139920941,121.50,122.00,120.00,120.50,-,1.0,120.50,9,121.00,18,24.20,
1537,廣隆,160006,160,25184948,158.00,158.50,157.00,157.00,-,1.0,156.50,12,158.00,4,12.56,
1538,正峰新,104641,101,554533,4.99,5.48,4.99,5.25,+,0.25,5.13,4,5.30,20,0.00,
1539,巨庭,154000,88,3648500,24.00,24.00,23.55,23.80,-,0.05,23.70,4,23.85,7,12.66,
1540,喬福,92169,71,1510048,16.50,16.50,16.30,16.30,-,0.1,16.30,17,16.35,3,13.93,
1541,錩泰,23390,25,685087,29.20,29.50,29.15,29.50,+,0.15,29.30,5,29.60,1,16.03,
1558,伸興,105005,97,15082245,143.00,144.00,143.00,144.00,+,0.5,143.50,5,144.00,27,9.68,
1560,中砂,356100,257,21100270,59.40,59.80,59.00,59.20,-,0.2,59.20,8,59.40,3,12.68,
1568,倉佑,123100,81,2391834,19.70,19.70,19.35,19.40,-,0.2,19.35,12,19.40,5,12.68,
1582,信錦,691104,588,53058718,77.80,77.90,75.30,76.80,-,0.4,76.50,1,76.90,4,11.74,
1583,程泰,9002,10,468604,52.00,52.10,52.00,52.10,-,0.1,52.10,1,52.50,1,10.44,
1587,吉茂,25000,10,457600,18.30,18.35,18.30,18.30,-,0.05,18.30,1,18.40,1,0.00,
1589,永冠-KY,541069,399,35681554,65.60,66.90,65.40,65.60,-,0.3,65.60,5,65.70,3,0.00,
1590,亞德客-KY,3458639,"3,096",1382370459,385.00,414.50,379.00,380.50,+,2.5,380.50,8,382.00,1,24.38,
1592,英瑞-KY,21000,17,553300,26.50,26.50,26.15,26.45,+,0.05,26.15,2,26.45,16,0.00,
1598,岱宇,45000,39,1578100,35.30,35.30,34.90,35.10,-,0.2,35.05,1,35.20,1,319.09,
1603,華電,103613,42,2196563,21.20,21.25,21.10,21.20,,0.0,21.10,9,21.20,13,21.86,
1604,聲寶,676404,267,9916046,14.55,14.70,14.55,14.70,+,0.15,14.65,31,14.70,27,9.87,
1605,華新,44975193,"9,815",824246156,18.10,18.60,18.10,18.50,+,0.5,18.45,396,18.50,500,5.24,
1608,華榮,2245963,898,22034737,9.80,9.88,9.61,9.88,+,0.23,9.86,3,9.89,22,0.00,
1609,大亞,1423168,550,15691148,11.05,11.10,10.95,11.05,+,0.1,11.00,39,11.05,68,12.56,
1611,中電,103365,79,969355,9.37,9.41,9.37,9.37,+,0.01,9.36,18,9.38,1,5.21,
1612,宏泰,279400,109,2788447,9.95,10.00,9.93,9.99,+,0.06,9.97,2,9.99,7,20.81,
1614,三洋電,57214,31,1339436,23.30,23.50,23.30,23.30,+,0.2,23.30,45,23.40,1,26.78,
1615,大山,199004,114,3434618,17.50,17.50,17.10,17.15,+,0.1,17.10,15,17.15,2,9.80,
1616,億泰,122500,52,576495,4.74,4.74,4.65,4.68,-,0.01,4.68,1,4.69,3,0.00,
1617,榮星,11000,5,150250,13.75,13.75,13.65,13.65,,0.0,13.60,2,13.65,4,10.34,
1618,合機,220000,68,1951510,8.78,8.92,8.78,8.84,+,0.02,8.84,2,8.91,12,23.89,
1626,艾美特-KY,913207,147,16912701,17.95,18.85,17.80,18.85,+,1.7,18.85,307,--,0,0.00,
1701,中化,529827,278,10016712,18.95,19.00,18.85,18.90,-,0.05,18.90,2,18.95,19,15.00,
1702,南僑,127948,146,7000646,55.00,55.00,54.60,54.60,-,0.4,54.60,15,54.70,2,14.76,
1707,葡萄王,603186,591,122426650,206.00,206.00,202.00,202.00,-,4.0,202.00,4,202.50,1,21.17,
1708,東鹼,119973,131,3095343,25.95,25.95,25.65,25.70,-,0.25,25.70,7,25.80,4,11.90,
1709,和益,417146,229,6366875,15.10,15.35,15.10,15.30,+,0.25,15.25,31,15.30,3,14.30,
1710,東聯,1688178,989,44607145,26.55,26.55,26.35,26.45,-,0.1,26.45,10,26.50,72,11.97,
1711,永光,249687,149,4225693,17.00,17.05,16.85,16.90,-,0.05,16.90,9,16.95,14,20.61,
1712,興農,310415,138,5339999,17.20,17.25,17.15,17.25,+,0.05,17.20,7,17.25,38,10.78,
1713,國化,2333,5,44343,18.95,19.05,18.95,19.05,+,0.05,18.95,1,19.10,4,25.07,
1714,和桐,2004007,564,13716178,6.80,6.88,6.80,6.82,+,0.03,6.82,18,6.83,20,48.71,
1717,長興,478422,270,12203604,25.50,25.70,25.40,25.50,-,0.1,25.50,6,25.55,11,15.64,
1718,中纖,7318067,"1,501",73442754,10.15,10.15,9.97,9.97,-,0.13,9.97,178,9.98,3,7.55,
1720,生達,95568,63,3149823,33.00,33.10,32.90,32.90,-,0.05,32.90,1,33.00,1,17.88,
1721,三晃,78000,24,765460,9.80,9.88,9.80,9.82,+,0.02,9.80,11,9.83,1,65.47,
1722,台肥,1588128,"1,220",71990043,45.35,45.50,45.00,45.40,-,0.05,45.35,2,45.40,2,23.16,
1723,中碳,182349,162,24707630,135.50,136.00,135.00,136.00,+,0.5,135.50,7,136.00,44,21.45,
1724,台硝,14004,13,186052,13.30,13.30,13.25,13.25,,0.0,13.25,3,13.30,5,17.91,
1725,元禎,25000,13,360950,14.50,14.55,14.40,14.45,,0.0,14.45,1,14.50,2,11.56,
1726,永記,22193,20,1622107,73.00,73.30,72.50,73.30,+,0.2,73.00,1,73.30,5,14.69,
1727,中華化,34000,16,483400,14.20,14.25,14.20,14.20,,0.0,14.15,17,14.20,11,13.92,
1730,花仙子,239031,192,16483650,69.70,69.80,68.30,68.80,-,0.6,68.80,10,68.90,1,16.99,
1731,美吾華,180000,79,2397000,13.35,13.35,13.30,13.30,,0.0,13.30,29,13.35,36,18.73,
1732,毛寶,44000,18,474000,10.85,10.90,10.70,10.90,+,0.05,10.75,9,10.90,6,72.67,
1733,五鼎,4707762,"2,930",175894953,37.50,38.80,36.30,36.70,-,0.4,36.65,6,36.70,2,20.62,
1734,杏輝,121365,107,2429650,20.05,20.10,19.95,20.00,-,0.1,20.00,5,20.05,5,142.86,
1735,日勝化,19825,11,312255,15.80,15.85,15.70,15.80,,0.0,15.70,6,15.80,2,52.67,
1736,喬山,220831,139,8117580,37.05,37.15,36.50,36.75,-,0.3,36.75,1,36.80,4,59.27,
1737,臺鹽,209919,139,6553666,31.20,31.35,31.00,31.35,+,0.15,31.30,20,31.40,7,13.87,
1760,寶齡富錦,2364061,"1,809",249674344,102.50,107.50,102.50,105.00,+,2.5,105.00,17,105.50,8,99.06,
1762,中化生,177018,114,4422600,25.10,25.10,24.85,24.85,-,0.05,24.85,3,24.95,6,6.73,
1773,勝一,208000,200,18800800,91.00,91.00,90.10,90.10,-,0.6,90.10,3,90.40,3,14.51,
1776,展宇,11000,7,180800,16.45,16.45,16.40,16.45,,0.0,16.40,6,16.50,10,65.80,
1783,和康生,593100,436,15916513,27.00,27.20,26.60,26.60,-,0.2,26.60,5,26.70,8,34.55,
1786,科妍,575703,453,41516916,72.00,72.90,71.40,71.70,+,0.4,71.70,10,71.90,3,52.34,
1789,神隆,152118,132,4143454,27.35,27.35,27.15,27.20,-,0.2,27.20,9,27.30,12,52.31,
1802,台玻,1874050,767,25821630,13.90,13.95,13.65,13.70,-,0.2,13.70,4,13.75,408,20.15,
1805,寶徠,227109,101,2424516,10.50,11.40,10.50,10.95,-,0.15,10.75,3,10.95,6,0.00,
1806,冠軍,194107,48,1357261,6.99,7.01,6.97,6.99,-,0.03,6.99,4,7.00,9,0.00,
1808,潤隆,1007150,639,63072528,62.90,63.30,61.80,62.70,+,0.3,62.40,84,62.70,9,8.09,
1809,中釉,103840,46,1118086,10.80,10.80,10.75,10.75,,0.0,10.75,6,10.80,32,0.00,
1810,和成,201935,61,1597505,7.93,7.95,7.89,7.95,-,0.02,7.89,25,7.94,3,88.33,
1817,凱撒衛,193000,165,7146450,37.25,38.10,36.80,37.25,,0.0,37.25,3,37.30,1,10.64,
1902,台紙,508674,130,10148536,19.90,20.05,19.85,19.90,,0.0,19.90,33,19.95,1,16.72,
1903,士紙,1018,10,32365,31.80,31.80,31.80,31.80,+,0.5,31.30,1,31.80,1,0.00,
1904,正隆,1282261,667,26071669,20.40,20.45,20.25,20.30,-,0.05,20.30,19,20.35,37,5.88,
1905,華紙,659928,212,6596641,10.00,10.05,9.96,9.99,-,0.01,9.98,187,9.99,3,22.20,
1906,寶隆,2725125,"1,237",44603580,15.65,16.80,15.65,16.55,+,0.95,16.45,2,16.55,8,5.22,
1907,永豐餘,1128908,434,13758782,12.20,12.25,12.10,12.10,-,0.1,12.10,286,12.15,7,14.07,
1909,榮成,12932854,"4,811",232534384,18.00,18.40,17.60,17.80,-,0.15,17.75,17,17.80,166,10.85,
2002,中鋼,19625224,"5,868",497864004,25.30,25.50,25.20,25.50,+,0.2,25.45,58,25.50,"5,756",15.94,
2002A,中鋼特,78000,36,3577500,45.70,46.00,45.70,45.95,+,0.25,45.95,10,46.05,1,0.00,
2006,東和鋼鐵,456448,264,9309282,20.35,20.45,20.35,20.40,+,0.1,20.40,7,20.45,43,15.34,
2007,燁興,329475,89,1759758,5.40,5.43,5.31,5.38,-,0.07,5.36,3,5.38,5,269.00,
2008,高興昌,11373,5,140987,12.40,12.40,12.40,12.40,,0.0,12.35,3,12.40,3,0.00,
2009,第一銅,7028088,"2,688",78277647,11.00,11.55,10.85,10.85,+,0.1,10.85,31,10.90,8,28.55,
2010,春源,228971,72,2382548,10.45,10.50,10.35,10.45,,0.0,10.40,6,10.45,36,18.33,
2012,春雨,12339,11,260000,21.15,21.15,21.00,21.00,-,0.2,21.00,5,21.15,3,13.46,
2013,中鋼構,621949,390,16728582,27.10,27.30,26.75,26.75,-,0.25,26.75,33,26.80,1,50.47,
2014,中鴻,12871580,"2,576",155754310,12.25,12.30,11.95,12.10,-,0.05,12.05,132,12.10,146,4.80,
2015,豐興,101020,70,5961176,59.00,59.10,58.90,58.90,,0.0,58.90,9,59.20,15,11.26,
2017,官田鋼,168062,95,1359375,8.10,8.11,8.07,8.10,,0.0,8.09,14,8.10,22,12.66,
2020,美亞,107432,50,1581059,14.65,14.75,14.65,14.75,,0.0,14.65,25,14.75,94,8.83,
2022,聚亨,674480,243,4662168,6.92,6.93,6.90,6.91,-,0.01,6.91,1,6.92,29,26.58,
2023,燁輝,739734,307,7503304,10.20,10.20,10.10,10.10,-,0.1,10.10,170,10.15,85,19.80,
2024,志聯,329005,105,3297260,9.90,10.10,9.90,10.05,+,0.16,10.05,4,10.10,12,10.26,
2027,大成鋼,5070751,"2,427",223353494,44.25,44.25,43.80,44.00,+,0.15,44.00,98,44.05,3,9.00,
2028,威致,109214,73,984726,9.03,9.09,8.91,9.06,+,0.03,9.00,5,9.06,10,4.90,
2029,盛餘,126242,66,2603783,20.50,20.70,20.50,20.65,+,0.1,20.60,2,20.65,4,28.29,
2030,彰源,496511,212,6823209,13.80,13.85,13.65,13.75,+,0.05,13.70,3,13.75,44,5.95,
2031,新光鋼,1629035,743,53244224,32.85,32.90,32.50,32.55,-,0.15,32.55,35,32.60,12,5.98,
2032,新鋼,98033,43,892158,9.05,9.14,9.05,9.10,+,0.04,9.10,12,9.12,2,39.57,
2033,佳大,77000,41,731650,9.45,9.59,9.45,9.50,+,0.05,9.50,2,9.55,2,41.30,
2034,允強,655151,278,17005658,26.00,26.15,25.80,25.90,-,0.05,25.90,1,25.95,60,11.61,
2038,海光,127150,53,1042440,8.20,8.22,8.18,8.20,+,0.05,8.18,6,8.20,8,25.62,
2049,上銀,8130317,"6,186",2289212577,278.50,286.00,278.00,282.00,+,6.5,281.50,4,282.00,244,15.79,
2059,川湖,422000,380,140767500,333.00,337.00,331.00,332.50,+,2.5,330.50,1,333.00,3,19.67,
2062,橋椿,79253,52,2586371,32.30,33.00,32.30,32.65,+,0.35,32.65,2,32.70,1,41.86,
2069,運錩,438000,166,10709000,24.50,24.60,24.35,24.45,-,0.05,24.45,6,24.50,54,3.53,
2101,南港,1063146,492,29720196,28.00,28.30,27.65,27.80,-,0.2,27.80,56,27.90,10,75.14,
2102,泰豐,355176,126,3934538,11.10,11.10,11.05,11.05,-,0.05,11.05,88,11.10,9,0.00,
2103,台橡,595896,416,16826759,28.30,28.45,28.10,28.20,+,0.1,28.20,18,28.25,1,20.43,
2104,國際中橡,4371621,"3,023",189866706,43.40,43.70,43.20,43.60,+,0.25,43.60,48,43.65,56,10.05,
2105,正新,4711625,"1,931",208236599,43.60,44.75,43.45,44.05,+,0.45,44.05,48,44.15,1,37.02,
2106,建大,467370,296,14050879,29.80,30.25,29.80,30.25,+,0.4,30.20,3,30.25,4,44.49,
2107,厚生,377282,209,6374903,16.95,16.95,16.85,16.85,,0.0,16.85,39,16.95,85,32.40,
2108,南帝,1185733,773,37839651,32.25,32.30,31.60,31.95,-,0.3,31.95,2,32.00,8,10.58,
2109,華豐,128460,84,1602295,12.60,12.60,12.40,12.40,-,0.1,12.40,28,12.50,40,0.00,
2114,鑫永銓,4000,4,331600,83.00,83.00,82.80,82.80,-,0.2,82.80,1,82.90,1,13.08,
2115,六暉-KY,18082,15,663155,36.70,36.80,36.50,36.65,-,0.05,36.50,1,36.70,3,15.87,
2201,裕隆,1387810,667,26344652,19.00,19.05,18.95,18.95,-,0.05,18.95,101,19.00,596,16.34,
2204,中華,505364,342,12189200,24.15,24.20,24.05,24.15,+,0.05,24.10,44,24.15,2,8.91,
2206,三陽工業,320433,156,6426898,20.05,20.10,19.95,20.10,+,0.05,20.05,13,20.10,28,10.52,
2207,和泰車,823224,774,273864972,332.50,338.00,329.00,329.00,-,1.0,329.00,2,329.50,3,17.96,
2208,台船,6680423,"2,788",196331095,29.60,30.15,28.70,28.80,-,0.55,28.80,52,28.90,14,0.00,
2227,裕日車,193240,190,46730800,237.50,244.00,237.50,240.50,+,3.0,240.50,10,241.00,1,11.95,
2228,劍麟,134000,111,11857500,89.00,89.10,88.00,88.00,-,1.0,88.00,6,88.20,1,11.56,
2231,為升,821055,752,267743123,328.50,330.50,322.00,322.00,-,6.5,322.00,5,323.00,1,33.89,
2236,百達-KY,25000,12,777350,31.20,31.20,31.00,31.00,-,0.4,30.95,6,31.30,1,10.40,
2239,英利-KY,81200,67,10555200,130.00,130.50,129.50,130.50,+,0.5,130.00,3,130.50,8,11.59,
2243,宏旭-KY,5000,3,88850,17.75,17.80,17.75,17.80,+,0.25,17.60,2,17.70,1,15.61,
2301,光寶科,8740500,"4,124",411902700,46.60,47.50,46.55,47.20,+,0.8,47.15,75,47.20,5,14.17,
2302,麗正,1230694,432,13372054,10.70,11.20,10.60,10.70,+,0.15,10.70,5,10.75,23,107.00,
2303,聯電,31765810,"6,070",370786256,11.65,11.75,11.60,11.65,,0.0,11.65,"1,709",11.70,"3,794",13.55,
2305,全友,310950,126,2119597,6.74,6.86,6.74,6.83,+,0.1,6.80,6,6.83,17,0.00,
2308,台達電,7575348,"3,749",1160556552,154.00,154.00,152.50,152.50,-,1.5,152.50,290,153.00,105,23.43,
2312,金寶,2071130,574,23518716,11.40,11.40,11.30,11.35,-,0.05,11.35,47,11.40,118,45.40,
2313,華通,10632308,"3,512",243911607,23.00,23.15,22.80,23.05,+,0.05,23.00,251,23.05,65,8.54,
2314,台揚,1239427,690,26356386,21.75,21.75,21.05,21.05,-,0.55,21.05,75,21.10,1,100.24,
2316,楠梓電,2059900,701,39109659,19.20,19.30,18.80,18.80,-,0.35,18.80,58,18.95,56,21.86,
2317,鴻海,21006421,"9,010",1535828357,73.60,73.80,72.80,72.80,-,0.6,72.70,613,72.80,93,7.31,
2321,東訊,40520,18,123027,3.05,3.05,3.00,3.00,,0.0,3.00,18,3.07,2,0.00,
2323,中環,9019752,"2,030",61503447,6.91,6.92,6.77,6.78,-,0.12,6.78,79,6.79,6,0.00,
2324,仁寶,27010996,"7,340",506679583,18.55,18.90,18.50,18.80,+,0.35,18.80,"1,014",18.85,94,8.78,
2327,國巨,13783851,"9,538",5226988473,376.00,386.50,372.00,372.00,-,3.0,372.00,123,372.50,1,4.84,
2328,廣宇,4370637,"1,822",94509834,21.45,22.05,21.20,21.95,+,0.55,21.90,10,21.95,19,9.98,
2329,華泰,6304028,"1,970",89497412,14.70,14.70,13.80,14.10,-,0.55,14.10,70,14.15,58,0.00,
2330,台積電,24586789,"7,994",5864298571,239.00,240.00,236.50,239.50,+,1.5,239.00,63,239.50,299,17.69,
2331,精英,946350,251,12296047,13.00,13.10,12.85,12.85,-,0.2,12.85,76,12.90,5,0.00,
2332,友訊,3391195,"1,146",43974435,13.05,13.10,12.85,12.85,-,0.15,12.85,174,12.90,98,214.17,
2337,旺宏,85326608,"26,985",1988968588,23.85,24.00,23.00,23.10,-,0.6,23.05,779,23.10,290,4.88,
2338,光罩,7993306,"3,580",198079163,25.30,25.35,24.35,24.40,-,1.1,24.40,8,24.45,7,30.12,
2340,光磊,7615507,"2,104",154364226,20.30,20.50,19.95,20.30,,0.0,20.30,"1,438",20.35,33,14.71,
2342,茂矽,5111673,"2,342",126548753,24.80,25.60,24.25,24.30,+,0.1,24.30,27,24.35,2,18.84,
2344,華邦電,24201275,"7,704",375295938,15.75,15.90,15.30,15.30,-,0.35,15.30,610,15.35,285,8.18,
2345,智邦,5885356,"3,118",636752948,109.00,109.50,107.50,108.00,-,0.5,108.00,720,108.50,112,21.60,
2347,聯強,3250963,"1,666",121942458,37.55,37.65,37.30,37.30,-,0.25,37.30,61,37.50,46,8.84,
2348,海悅,167016,113,7737038,46.30,46.65,46.15,46.15,+,0.05,46.15,2,46.30,2,9.29,
2349,錸德,13021853,"3,605",146963639,11.55,11.55,11.10,11.10,-,0.55,11.10,422,11.15,53,0.00,
2351,順德,889070,657,72482742,82.00,82.50,80.30,80.40,-,0.6,80.40,42,80.90,4,18.44,
2352,佳世達,4265394,"1,581",85285448,19.95,20.05,19.90,20.00,+,0.1,20.00,223,20.05,403,8.93,
2353,宏碁,18306170,"6,144",377162720,21.00,21.05,20.30,20.30,-,0.65,20.30,584,20.35,129,17.20,
2354,鴻準,3563218,"2,187",225612329,63.80,64.40,62.60,62.60,-,0.9,62.60,32,62.90,5,8.84,
2355,敬鵬,1776372,"1,218",72952337,41.00,41.80,40.50,41.30,+,0.15,41.25,12,41.30,1,68.83,
2356,英業達,9920863,"3,309",236221179,23.60,24.10,23.55,23.65,+,0.05,23.65,216,23.75,3,12.25,
2357,華碩,1073694,763,247120073,230.00,232.50,229.00,229.00,-,1.5,229.00,1,231.00,42,15.33,
2358,廷鑫,163097,105,2708299,16.60,16.75,16.55,16.60,-,0.15,16.60,2,16.70,5,30.18,
2359,所羅門,1115294,590,22208418,20.30,20.35,19.70,19.75,-,0.5,19.75,1,19.80,19,24.09,
2360,致茂,1288583,955,165619707,129.00,129.50,127.50,129.00,,0.0,128.50,3,129.00,124,18.09,
2362,藍天,300525,159,8959593,29.70,29.95,29.70,29.95,+,0.35,29.95,1,30.00,14,11.39,
2363,矽統,1560082,708,13981929,9.04,9.05,8.91,8.91,-,0.1,8.90,258,8.93,12,0.00,
2364,倫飛,105703,54,387686,3.67,3.75,3.65,3.65,,0.0,3.65,6,3.75,10,0.00,
2365,昆盈,536275,242,5039593,9.33,9.49,9.33,9.37,+,0.08,9.37,2,9.38,2,19.12,
2367,燿華,12245520,"4,784",247000700,20.20,20.55,19.85,20.00,,0.0,20.00,62,20.05,15,11.56,
2368,金像電,11901413,"3,381",169320369,14.20,14.45,14.00,14.00,-,0.1,14.00,245,14.05,6,38.89,
2369,菱生,839264,321,8500399,10.30,10.30,10.05,10.10,-,0.1,10.10,7,10.15,44,0.00,
2371,大同,11563062,"4,284",301081562,26.60,26.60,25.30,26.05,-,0.35,26.05,63,26.10,34,0.00,
2373,震旦行,26400,25,2420560,91.60,92.00,91.50,92.00,,0.0,91.90,1,92.00,4,11.10,
2374,佳能,311168,167,4413021,14.35,14.35,14.10,14.15,-,0.1,14.15,13,14.20,19,0.00,
2375,智寶,6581333,"4,200",342312473,51.90,52.80,51.10,51.40,-,0.5,51.30,136,51.40,3,2.65,
2376,技嘉,23547601,"11,994",1127858832,46.65,49.25,46.65,47.70,+,1.6,47.70,94,47.75,7,9.26,
2377,微星,7738702,"4,993",641255177,83.50,83.80,82.10,82.30,-,1.2,82.20,103,82.30,13,10.44,
2379,瑞昱,5928514,"3,858",1071296506,178.00,183.50,177.50,180.00,+,3.0,180.00,71,180.50,9,22.56,
2380,虹光,223219,101,973324,4.38,4.43,4.30,4.41,+,0.05,4.37,6,4.41,5,0.00,
2382,廣達,6984610,"4,001",399075270,57.50,57.60,56.90,56.90,-,0.4,56.90,250,57.00,80,15.05,
2383,台光電,5757513,"3,581",546852822,96.50,96.50,94.10,94.10,-,2.4,94.10,67,94.30,4,15.90,
2385,群光,879120,633,59190770,66.90,67.80,66.80,67.50,+,0.5,67.50,26,67.60,4,11.62,
2387,精元,334371,172,6067405,18.05,18.30,18.05,18.20,+,0.15,18.10,29,18.20,20,0.00,
2388,威盛,1161089,758,33211508,28.80,28.95,28.35,28.35,-,0.3,28.35,7,28.40,1,236.25,
2390,云辰,1438503,659,17669685,12.45,12.55,12.15,12.20,-,0.25,12.20,25,12.25,29,0.00,
2392,正崴,5674473,"2,575",162171529,28.30,29.10,28.10,28.35,+,0.4,28.35,115,28.45,5,0.00,
2393,億光,1038493,653,32692476,31.25,31.65,31.25,31.60,+,0.5,31.60,13,31.65,19,15.80,
2395,研華,1361589,744,318154537,233.50,235.00,232.00,234.50,,0.0,234.00,83,234.50,12,26.00,
2397,友通,89255,68,6402681,72.00,72.20,71.30,71.30,-,0.7,71.40,5,71.90,1,14.79,
2399,映泰,1014040,514,10577013,10.65,10.65,10.30,10.30,-,0.35,10.25,53,10.30,5,0.00,
2401,凌陽,1500201,629,19284846,13.00,13.00,12.75,12.75,-,0.2,12.75,44,12.80,59,115.91,
2402,毅嘉,532351,256,7760544,14.55,14.65,14.50,14.55,+,0.05,14.50,74,14.60,10,90.94,
2404,漢唐,2680737,"2,106",278221674,106.00,106.50,101.50,102.50,-,4.0,102.50,50,103.00,41,14.79,
2405,浩鑫,3300200,"1,291",45601311,13.80,14.05,13.60,13.60,-,0.15,13.60,170,13.65,12,0.00,
2406,國碩,986882,424,8066986,8.14,8.27,8.11,8.14,+,0.01,8.14,25,8.15,4,0.00,
2408,南亞科,17603559,"7,200",1094891876,61.60,62.70,61.60,62.00,+,0.4,62.00,799,62.10,6,3.60,
2409,友達,42614084,"7,646",472516911,11.05,11.15,11.00,11.10,+,0.05,11.10,744,11.15,"2,256",10.47,
2412,中華電,9632887,"3,879",1027626609,107.00,107.00,106.50,106.50,-,0.5,106.50,"4,354",107.00,714,23.10,
2413,環科,455152,276,11194437,25.10,25.10,24.25,24.40,-,0.25,24.40,8,24.45,4,0.00,
2414,精技,75007,38,1496440,19.95,20.00,19.90,19.90,+,0.05,19.90,5,19.95,5,12.84,
2415,錩新,276041,194,6729935,24.50,24.80,24.10,24.10,-,0.3,24.10,9,24.30,1,13.31,
2417,圓剛,986209,401,11531115,11.80,11.90,11.60,11.60,-,0.2,11.60,65,11.65,1,0.00,
2419,仲琦,1550198,647,32853244,21.30,21.35,21.00,21.00,-,0.3,21.00,4,21.05,5,25.61,
2420,新巨,342027,225,11754601,34.70,34.75,34.20,34.20,-,0.45,34.20,17,34.50,8,11.18,
2421,建準,1589609,"1,103",62148690,39.50,39.55,38.85,38.85,-,0.55,38.85,36,38.90,4,16.19,
2423,固緯,319498,216,8450721,26.70,26.80,26.30,26.45,,0.0,26.45,5,26.50,25,12.90,
2424,隴華,9350,10,282722,29.90,30.75,29.90,30.75,+,0.45,30.35,1,30.80,2,0.00,
2425,承啟,314100,200,10371615,33.00,33.55,32.45,32.75,-,0.05,32.55,3,32.75,20,15.52,
2426,鼎元,3842660,"1,813",68465690,18.00,18.10,17.45,17.50,-,0.25,17.50,22,17.55,21,8.29,
2427,三商電,569000,145,5999000,10.55,10.60,10.45,10.60,-,0.05,10.55,12,10.60,20,37.86,
2428,興勤,149050,123,12615100,85.00,85.00,84.30,84.30,-,0.6,84.30,13,84.50,3,10.67,
2429,銘旺科,6,6,84,--,--,--,--,,0.0,14.20,1,14.30,1,0.00,
2430,燦坤,195609,85,3965930,20.25,20.50,20.20,20.35,+,0.1,20.15,9,20.35,9,12.04,
2431,聯昌,3327625,"1,449",39536602,12.10,12.35,11.60,11.70,-,0.1,11.70,10,11.75,18,0.00,
2433,互盛電,265264,189,11607518,43.70,44.25,43.60,43.75,+,0.1,43.75,6,44.10,8,12.25,
2434,統懋,93478,48,850912,9.09,9.15,9.08,9.08,,0.0,9.03,10,9.08,2,0.00,
2436,偉詮電,4638451,"2,412",119554408,25.30,26.15,25.15,25.50,+,0.7,25.50,55,25.55,1,15.18,
2438,翔耀,32242,16,226447,7.10,7.24,6.96,7.24,+,0.04,7.10,1,7.23,1,0.00,
2439,美律,3761967,"2,943",620294655,168.00,168.50,161.00,161.50,-,4.5,161.50,101,162.00,1,10.77,
2440,太空梭,83066,42,861311,10.25,10.50,10.05,10.05,-,0.05,10.05,5,10.25,2,0.00,
2441,超豐,1159362,864,49287916,42.80,42.80,42.30,42.30,-,0.3,42.30,18,42.40,4,9.32,
2442,新美齊,864058,337,10398696,12.10,12.10,12.00,12.05,,0.0,12.05,9,12.10,151,50.21,
2443,新利虹,137348,86,625352,4.49,4.60,4.49,4.56,+,0.07,4.53,1,4.56,4,0.00,
2444,兆勁,542273,257,13163414,24.35,24.55,24.05,24.05,-,0.65,24.05,65,24.10,1,0.00,
2448,晶電,16402875,"6,559",457253832,28.00,28.35,27.30,27.30,-,0.45,27.30,110,27.35,4,32.12,
2449,京元電子,10542837,"4,493",271883212,25.90,26.25,25.50,26.10,+,0.5,26.10,69,26.15,191,17.76,
2450,神腦,107000,69,3775500,35.25,35.50,35.05,35.15,-,0.05,35.15,11,35.30,1,19.42,
2451,創見,357161,282,24497756,68.70,68.90,68.30,68.90,+,0.3,68.80,1,68.90,7,12.98,
2453,凌群,422400,218,5799438,13.90,13.90,13.65,13.70,-,0.2,13.70,4,13.75,39,17.34,
2454,聯發科,15256458,"11,226",4329913582,283.50,293.00,276.50,276.50,-,6.0,276.50,24,277.00,1,16.14,
2455,全新,5550317,"3,792",399252116,72.50,73.00,71.30,71.40,-,1.2,71.40,18,71.50,6,30.78,
2456,奇力新,5091474,"3,768",475717146,93.00,94.40,92.70,92.90,+,0.5,92.80,69,92.90,26,7.35,
2457,飛宏,969051,352,10383579,10.90,10.90,10.65,10.65,-,0.2,10.65,120,10.70,11,0.00,
2458,義隆,7634291,"5,391",676126922,88.60,90.60,86.00,86.20,-,1.7,86.20,41,86.30,1,18.46,
2459,敦吉,47120,62,1856931,39.60,39.60,39.25,39.45,-,0.05,39.40,2,39.45,1,10.01,
2460,建通,328401,133,3959580,12.25,12.30,12.00,12.10,-,0.05,12.10,11,12.15,34,0.00,
2461,光群雷,335315,167,4436234,13.40,13.40,13.10,13.10,-,0.2,13.10,3,13.20,9,21.83,
2462,良得電,25468,28,711645,28.05,28.05,27.90,28.00,+,0.05,27.90,5,28.00,16,0.00,
2464,盟立,1124307,740,47078594,41.70,42.15,41.60,42.00,+,0.3,41.95,1,42.00,39,9.13,
2465,麗臺,152154,102,1642487,10.95,11.00,10.70,10.85,,0.0,10.85,8,10.90,25,0.00,
2466,冠西電,97097,63,3241030,33.30,33.55,33.20,33.50,+,0.2,33.25,6,33.55,3,"1,675.00",
2467,志聖,506404,224,14242581,28.20,28.25,27.95,28.05,-,0.1,28.05,5,28.10,50,8.37,
2468,華經,150028,88,1738474,11.70,11.80,11.50,11.50,-,0.1,11.50,8,11.60,3,18.55,
2471,資通,128035,93,1968380,15.25,15.50,15.25,15.25,+,0.05,15.25,4,15.35,3,9.90,
2472,立隆電,636550,454,27758325,43.35,44.05,43.35,43.65,+,0.55,43.60,6,43.70,7,9.59,
2474,可成,10483449,"6,867",2544243556,249.00,249.50,239.00,242.00,-,7.5,241.50,19,242.00,19,6.36,
2475,華映,2366977,164,1459974,0.61,0.62,0.61,0.62,+,0.01,0.61,532,0.62,668,0.00,
2476,鉅祥,44797,33,1039809,23.30,23.30,23.10,23.30,-,0.05,23.25,4,23.30,5,14.12,
2477,美隆電,3909455,505,76754622,19.45,19.85,19.15,19.60,+,0.3,19.50,11,19.60,3,18.32,
2478,大毅,2764187,"1,896",154999932,56.20,56.90,55.30,55.30,-,0.2,55.30,46,55.40,2,9.11,
2480,敦陽科,837228,574,37346595,44.75,45.10,43.90,44.20,-,0.25,44.15,4,44.20,1,11.63,
2481,強茂,6434884,"3,526",192720386,30.45,30.65,29.35,29.45,-,0.8,29.45,23,29.50,15,0.00,
2482,連宇,399000,47,4550550,11.40,11.50,11.35,11.50,+,0.2,11.45,9,11.50,6,0.00,
2483,百容,444600,289,8747478,19.35,19.80,19.35,19.80,+,0.65,19.75,4,19.80,9,12.30,
2484,希華,4824626,"2,068",91104344,18.70,19.10,18.65,19.05,+,0.45,19.05,6,19.10,157,12.96,
2485,兆赫,1667435,"1,021",34360631,20.65,21.00,20.40,20.40,-,0.4,20.35,56,20.45,4,40.80,
2486,一詮,585420,224,5650483,9.71,9.79,9.54,9.58,-,0.08,9.57,1,9.58,4,0.00,
2488,漢平,348276,255,12401546,36.20,36.20,35.05,35.30,-,0.9,35.30,9,35.40,5,11.24,
2489,瑞軒,974159,487,12287477,12.70,12.75,12.50,12.55,-,0.05,12.55,15,12.60,6,0.00,
2491,吉祥全,44561,41,302571,6.50,7.00,6.50,6.90,+,0.3,6.68,5,6.90,1,0.00,
2492,華新科,26422192,"17,183",5286116823,199.00,205.00,194.50,194.50,-,4.5,194.50,263,195.00,31,5.98,
2493,揚博,103150,87,2703790,26.10,26.30,26.10,26.20,+,0.1,26.20,2,26.25,14,10.92,
2495,普安,271400,124,3262740,11.85,12.10,11.85,12.00,+,0.15,12.00,52,12.05,4,38.71,
2496,卓越,4015,19,391985,96.90,99.60,96.90,99.60,+,2.6,96.90,1,99.70,1,14.05,
2497,怡利電,110043,62,2112831,19.50,19.50,19.05,19.20,,0.0,19.20,83,19.25,8,0.00,
2498,宏達電,14755430,"6,784",557173299,38.05,38.40,37.35,37.45,-,0.55,37.45,2,37.50,19,4.63,
2499,東貝,679380,309,6181127,9.12,9.14,9.05,9.06,-,0.05,9.06,16,9.10,21,0.00,
2501,國建,397939,210,8175797,20.60,20.65,20.50,20.55,,0.0,20.50,235,20.55,10,7.50,
2504,國產,421931,209,3769840,8.98,8.98,8.91,8.93,-,0.01,8.93,4,8.94,10,49.61,
2505,國揚,203036,90,2446282,12.00,12.10,12.00,12.05,+,0.05,12.00,85,12.05,2,0.00,
2506,太設,13310,20,152015,11.40,11.45,11.40,11.45,,0.0,11.40,18,11.45,2,0.00,
2509,全坤建,39685,35,1100287,27.80,27.95,27.60,27.70,+,0.05,27.65,2,27.75,1,0.00,
2511,太子,227893,154,2476622,10.85,10.90,10.80,10.85,,0.0,10.85,54,10.90,119,13.56,
2514,龍邦,66925,62,1124127,16.90,16.90,16.75,16.85,,0.0,16.75,8,16.80,1,26.75,
2515,中工,10153330,"2,428",80322572,7.84,8.00,7.82,7.93,+,0.11,7.93,314,7.94,86,30.50,
2516,新建,392100,48,2501810,6.40,6.41,6.36,6.40,,0.0,6.37,8,6.40,44,0.00,
2520,冠德,1322300,803,25567866,19.35,19.50,19.25,19.25,,0.0,19.20,83,19.25,2,0.00,
2524,京城,170940,95,4379331,25.80,25.80,25.20,25.50,+,0.1,25.50,1,25.70,2,12.38,
2527,宏璟,45000,25,1077250,24.00,24.00,23.90,23.90,+,0.2,23.85,3,23.90,4,55.58,
2528,皇普,134500,39,1934749,14.35,14.45,14.30,14.35,,0.0,14.30,20,14.40,6,0.00,
2530,華建,53576,56,849638,16.05,16.05,15.75,15.85,-,0.05,15.75,3,15.85,1,396.25,
2534,宏盛,711075,457,19988597,28.15,28.20,28.00,28.10,,0.0,28.10,26,28.15,45,5.81,
2535,達欣工,538331,246,10913260,20.20,20.35,20.20,20.25,,0.0,20.25,2,20.30,92,8.27,
2536,宏普,47500,36,947700,19.85,20.00,19.85,20.00,+,0.15,19.95,1,20.00,91,7.55,
2537,聯上發,290615,76,1854428,6.39,6.42,6.36,6.39,+,0.04,6.36,51,6.39,7,0.00,
2538,基泰,314247,109,3833488,12.15,12.25,12.15,12.20,+,0.05,12.15,35,12.20,11,174.29,
2539,櫻花建,15970,15,444062,27.90,27.90,27.70,27.70,-,0.2,27.60,6,27.75,3,21.31,
2540,愛山林,5011,6,122865,24.60,24.60,24.45,24.55,-,0.05,24.50,2,25.00,1,16.05,
2542,興富發,1676726,947,80138548,47.90,48.00,47.60,47.60,-,0.35,47.60,33,47.70,10,10.72,
2543,皇昌,7165,7,55202,7.75,7.75,7.70,7.70,+,0.04,7.58,1,7.70,4,0.00,
2545,皇翔,68003,37,1765278,26.00,26.00,25.90,25.95,-,0.05,25.90,6,26.00,19,28.83,
2546,根基,333776,182,9870553,29.30,29.75,29.30,29.65,+,0.45,29.65,5,29.70,18,8.72,
2547,日勝生,1349774,568,20395410,15.20,15.30,14.95,15.10,-,0.1,15.05,27,15.10,13,3.15,
2548,華固,1031339,668,72167930,70.60,70.60,69.60,69.70,-,0.9,69.70,4,70.00,99,26.60,
2597,潤弘,40200,36,2204579,55.00,55.10,54.70,54.70,-,0.1,54.80,5,54.90,4,12.90,
2601,益航,10234018,"2,354",126044914,12.60,12.65,12.10,12.15,-,0.45,12.10,131,12.15,23,22.09,
2603,長榮,19106881,"3,890",238380934,12.30,12.60,12.30,12.50,+,0.25,12.50,272,12.55,709,0.00,
2605,新興,1012014,445,16088498,15.90,15.95,15.80,15.85,+,0.05,15.85,14,15.90,13,79.25,
2606,裕民,1192790,589,36527931,30.60,30.75,30.50,30.60,+,0.1,30.55,55,30.60,6,13.85,
2607,榮運,215883,99,2920669,13.55,13.60,13.50,13.50,-,0.05,13.50,13,13.55,38,14.84,
2608,嘉里大榮,70527,58,2626179,37.35,37.35,37.15,37.25,,0.0,37.15,2,37.25,20,15.02,
2609,陽明,3780256,949,34761223,9.12,9.26,9.12,9.19,+,0.07,9.18,11,9.19,8,0.00,
2610,華航,12420651,"2,463",126343898,10.20,10.20,10.10,10.20,+,0.05,10.15,17,10.20,"1,663",22.17,
2611,志信,171445,47,1180248,6.98,6.98,6.87,6.90,-,0.06,6.88,3,6.90,43,69.00,
2612,中航,211016,132,6296230,29.75,29.95,29.75,29.80,+,0.1,29.75,28,29.80,1,11.73,
2613,中櫃,396993,252,5342747,13.45,13.50,13.40,13.40,-,0.1,13.35,23,13.45,10,18.36,
2614,東森,1324546,606,17234898,13.05,13.10,12.95,13.00,-,0.05,13.00,50,13.05,27,1.67,
2615,萬海,247249,134,4023182,16.20,16.35,16.20,16.25,+,0.05,16.25,85,16.30,47,25.39,
2616,山隆,168371,95,5152627,30.50,30.65,30.50,30.55,+,0.05,30.50,5,30.55,1,17.46,
2617,台航,660000,309,11892900,18.05,18.10,17.95,18.00,+,0.05,18.00,21,18.05,36,7.17,
2618,長榮航,13575459,"3,256",205294121,15.15,15.20,15.00,15.10,,0.0,15.05,386,15.10,15,10.41,
2630,亞航,30011,23,675596,22.60,22.60,22.40,22.60,+,0.1,22.40,1,22.60,1,0.00,
2633,台灣高鐵,24269431,"8,424",779931756,31.15,32.70,31.15,32.20,+,1.2,32.20,"1,779",32.25,3,16.95,
2634,漢翔,2096563,"1,081",71120103,34.20,34.35,33.60,33.70,-,0.3,33.70,2,33.75,3,14.46,
2636,台驊投控,659357,329,17042036,25.80,25.90,25.80,25.85,+,0.1,25.85,4,25.90,60,9.10,
2637,慧洋-KY,1455303,695,43020297,29.60,29.65,29.45,29.55,+,0.3,29.50,113,29.55,6,10.30,
2642,宅配通,27001,24,608623,22.60,22.65,22.50,22.50,-,0.2,22.50,2,22.65,1,47.87,
2701,萬企,206464,87,2641340,12.85,12.95,12.65,12.80,-,0.05,12.80,6,12.85,26,17.30,
2702,華園,268100,201,5822775,21.95,22.10,21.50,21.60,-,0.35,21.60,20,21.65,1,17.56,
2704,國賓,321532,179,7108329,22.20,22.20,22.05,22.10,-,0.05,22.10,31,22.15,18,17.68,
2705,六福,84349,69,527006,6.27,6.27,6.24,6.24,,0.0,6.24,16,6.25,24,0.00,
2706,第一店,224978,51,3207533,14.30,14.35,14.25,14.30,,0.0,14.25,1,14.30,3,15.71,
2707,晶華,186377,112,25572427,137.50,137.50,137.00,137.50,,0.0,137.00,26,137.50,6,13.08,
2712,遠雄來,12000,9,458400,37.70,39.20,37.65,39.20,+,1.1,38.10,1,39.20,1,0.00,
2722,夏都,4392,8,120079,27.30,27.35,27.30,27.35,+,0.15,27.35,1,27.60,1,455.83,
2723,美食-KY,783547,382,182903045,233.50,237.00,231.50,233.50,,0.0,232.00,6,233.50,4,21.50,
2727,王品,106925,124,8846802,82.50,83.30,82.40,82.50,+,0.1,82.50,7,82.70,2,17.41,
2731,雄獅,127092,104,11292988,89.50,89.60,88.30,88.50,-,0.5,88.40,1,88.80,1,18.63,
2739,寒舍,56000,36,1620500,29.00,29.05,28.90,29.00,-,0.05,28.95,2,29.00,5,34.52,
2748,雲品,49000,35,3046100,62.20,62.60,62.00,62.10,-,0.1,62.10,3,62.50,1,21.19,
2801,彰銀,7574884,"1,505",138378060,18.20,18.35,18.20,18.25,-,0.05,18.25,603,18.30,3,14.04,
2809,京城銀,696371,375,21933810,31.50,31.60,31.40,31.40,+,0.05,31.40,18,31.45,62,12.46,
2812,台中銀,4803215,"1,299",51262002,10.65,10.70,10.65,10.70,+,0.05,10.65,543,10.70,987,9.07,
2816,旺旺保,164676,81,3250732,19.80,19.85,19.65,19.65,-,0.15,19.65,5,19.75,1,5.97,
2820,華票,307713,145,4367266,14.15,14.20,14.15,14.20,+,0.05,14.20,53,14.25,176,13.92,
2823,中壽,7352600,"2,745",212723953,28.75,29.00,28.75,28.90,+,0.05,28.90,97,28.95,7,9.70,
2832,台產,123025,64,2452876,20.00,20.10,19.85,20.10,+,0.15,20.00,10,20.10,16,10.92,
2834,臺企銀,24129749,"4,559",275692748,11.45,11.45,11.40,11.40,-,0.05,11.40,"3,883",11.45,"15,759",11.40,
2836,高雄銀,340377,168,3252825,9.57,9.58,9.52,9.58,+,0.01,9.55,1,9.58,59,34.21,
2838,聯邦銀,1262660,283,12948558,10.25,10.30,10.20,10.30,+,0.1,10.25,163,10.30,165,9.54,
2838A,聯邦銀甲特,272084,78,14959302,54.90,55.00,54.90,55.00,+,0.1,54.90,179,55.00,21,0.00,
2841,台開,835997,322,7169201,8.59,8.60,8.55,8.58,,0.0,8.57,40,8.58,34,19.50,
2845,遠東銀,1994455,649,21699760,10.90,10.90,10.85,10.85,-,0.05,10.85,728,10.90,261,11.42,
2849,安泰銀,217221,49,2929933,13.45,13.60,13.40,13.50,+,0.15,13.50,1,13.60,7,12.16,
2850,新產,150513,125,5477646,36.30,36.60,36.15,36.35,+,0.1,36.35,2,36.40,7,6.60,
2851,中再保,98440,55,1748104,17.75,17.80,17.70,17.75,,0.0,17.70,114,17.75,3,10.57,
2852,第一保,80093,44,1222622,15.25,15.30,15.20,15.30,+,0.05,15.25,12,15.30,75,7.50,
2855,統一證,1220569,524,16516452,13.40,13.60,13.40,13.55,+,0.2,13.55,40,13.60,322,9.09,
2867,三商壽,6506069,"1,477",75091389,11.50,11.60,11.45,11.50,,0.0,11.50,650,11.55,244,0.00,
2880,華南金,8443534,"2,434",158065016,18.70,18.75,18.65,18.70,,0.0,18.70,552,18.75,244,15.33,
2881,富邦金,24213809,"5,790",1101257465,45.35,45.65,45.30,45.45,+,0.15,45.45,42,45.50,40,8.69,
2881A,富邦特,35083,26,2267244,64.60,64.70,64.60,64.60,-,0.1,64.60,9,64.70,6,0.00,
2881B,富邦金乙特,165876,31,10367072,62.50,62.50,62.50,62.50,,0.0,62.40,34,62.50,10,0.00,
2882,國泰金,15737860,"4,465",716681009,45.60,45.65,45.50,45.50,-,0.05,45.50,"2,183",45.55,850,10.22,
2882A,國泰特,21491,19,1374924,63.90,64.00,63.90,64.00,,0.0,64.00,4,64.10,127,0.00,
2882B,國泰金乙特,75288,45,4670624,62.00,62.10,61.90,62.10,+,0.1,62.00,61,62.10,1,0.00,
2883,開發金,22600008,"6,393",225728314,10.00,10.05,9.97,9.97,-,0.03,9.97,"1,245",9.98,2,12.95,
2884,玉山金,22280489,"4,449",490753848,22.00,22.10,22.00,22.00,,0.0,22.00,348,22.05,29,14.38,
2885,元大金,29004825,"3,013",504940223,17.40,17.50,17.35,17.40,,0.0,17.35,591,17.40,"3,421",10.06,
2886,兆豐金,25225119,"6,528",681557589,27.10,27.10,26.95,27.00,-,0.1,27.00,617,27.05,31,13.85,
2887,台新金,17803740,"3,708",248464110,14.00,14.00,13.90,13.95,-,0.05,13.95,194,14.00,"2,058",11.16,
2887E,台新戊特,260000,28,14326100,55.20,55.20,55.10,55.10,-,0.1,55.00,314,55.10,267,0.00,
2887F,台新戊特二,40525,28,2095188,51.70,51.80,51.70,51.80,,0.0,51.70,27,51.80,53,0.00,
2888,新光金,38378424,"6,210",353184172,9.23,9.27,9.16,9.16,-,0.07,9.16,952,9.17,4,5.29,
2889,國票金,2060762,660,20736975,10.05,10.10,10.05,10.05,-,0.05,10.05,540,10.10,832,12.72,
2890,永豐金,12882638,"2,245",138658454,10.75,10.80,10.70,10.75,,0.0,10.75,79,10.80,"4,241",11.94,
2891,中信金,30332994,"6,515",630093571,20.70,20.90,20.65,20.80,+,0.05,20.80,"1,831",20.85,691,11.01,
2891B,中信金乙特,219215,21,14029793,64.20,64.20,63.90,64.00,,0.0,63.90,57,64.00,131,0.00,
2892,第一金,12911675,"3,774",268057407,20.75,20.80,20.70,20.80,,0.0,20.75,501,20.80,93,17.19,
2897,王道銀行,334181,114,2642262,7.91,7.93,7.89,7.89,-,0.02,7.89,6,7.91,48,25.45,
2897A,王道銀甲特,119690,38,1256895,10.50,10.55,10.50,10.55,,0.0,10.50,113,10.55,300,0.00,
2901,欣欣,6398,17,153552,24.15,24.15,23.90,24.00,-,0.15,23.90,2,24.00,1,58.54,
2903,遠百,1553221,694,25762328,16.45,16.75,16.45,16.70,+,0.3,16.65,232,16.70,32,14.78,
2904,匯僑,73226,52,1563441,21.40,21.45,21.20,21.45,+,0.15,21.40,1,21.45,4,12.84,
2905,三商,878388,442,16462020,19.00,19.15,18.50,18.75,-,0.25,18.70,28,18.75,6,0.00,
2906,高林,81767,30,826194,10.15,10.15,10.10,10.15,,0.0,10.10,25,10.15,50,63.44,
2908,特力,408273,145,9278280,22.90,22.90,22.60,22.75,-,0.05,22.70,1,22.75,36,13.96,
2910,統領,0,0,0,--,--,--,--,,0.0,26.50,1,27.30,1,112.08,
2911,麗嬰房,144231,96,1368645,9.47,9.54,9.46,9.48,+,0.05,9.47,2,9.48,1,3.42,
2912,統一超,1189811,748,377154854,317.00,318.00,316.00,317.00,,0.0,316.50,18,317.00,4,10.86,
2913,農林,448038,243,7147368,15.90,16.00,15.90,15.90,,0.0,15.90,319,15.95,5,0.00,
2915,潤泰全,1088334,846,90030870,82.80,83.30,82.10,82.70,+,0.6,82.60,5,82.70,5,2.29,
2923,鼎固-KY,34000,11,669500,19.85,19.85,19.60,19.75,+,0.2,19.55,8,19.80,7,54.86,
2929,淘帝-KY,499419,430,43818267,88.10,88.70,86.80,87.20,-,0.2,87.20,2,87.40,8,8.39,
2936,客思達-KY,48000,18,1268700,26.40,26.60,26.40,26.60,,0.0,26.35,9,26.65,5,0.00,
2939,凱羿-KY,560010,421,69388785,120.50,126.50,119.50,123.50,+,2.5,123.50,6,124.50,10,11.21,
3002,歐格,60000,25,603050,10.05,10.10,10.00,10.00,,0.0,10.00,25,10.05,3,0.00,
3003,健和興,1113028,760,50478400,46.25,46.25,45.00,45.00,-,1.1,45.00,6,45.05,3,15.20,
3004,豐達科,1084722,778,88878488,83.70,84.00,80.20,80.60,-,2.8,80.60,35,80.70,1,16.15,
3005,神基,1861439,"1,080",86510197,46.35,46.80,46.00,46.80,+,0.6,46.75,1,46.80,39,12.79,
3006,晶豪科,2426709,"1,417",84166066,35.00,35.30,34.00,34.00,,0.0,34.00,63,34.35,3,10.21,
3008,大立光,662020,819,2867808900,"4,385.00","4,385.00","4,300.00","4,330.00",-,60.0,"4,325.00",5,"4,330.00",8,23.83,
3010,華立,78174,70,4074161,52.20,52.40,52.00,52.10,-,0.1,52.10,10,52.20,1,8.50,
3011,今皓,625274,200,5031853,8.06,8.14,7.98,8.00,,0.0,8.00,71,8.04,9,0.00,
3013,晟銘電,2018203,816,34362901,17.10,17.20,16.85,16.85,-,0.2,16.85,14,16.90,6,27.18,
3014,聯陽,579434,353,20261233,34.70,35.20,34.70,34.90,+,0.2,34.90,15,34.95,48,11.56,
3015,全漢,571280,314,11489912,19.65,20.50,19.65,20.50,+,0.9,20.40,5,20.50,24,23.56,
3016,嘉晶,13787952,"8,607",796150285,58.00,59.30,55.70,55.70,-,1.9,55.70,231,55.90,2,37.89,
3017,奇鋐,29530283,"11,469",967181202,32.55,33.45,32.05,32.65,+,0.05,32.60,213,32.65,14,16.08,
3018,同開,345064,206,11235192,32.65,33.15,32.05,32.70,+,0.7,32.70,15,32.75,1,0.00,
3019,亞光,5300842,"3,665",414560911,79.50,80.00,77.50,77.50,-,1.7,77.50,117,77.60,11,24.68,
3021,鴻名,35000,11,540650,15.50,15.50,15.40,15.45,,0.0,15.40,7,15.50,10,11.44,
3022,威強電,41663,55,1498518,36.15,36.15,35.80,36.00,-,0.05,35.85,1,36.05,1,13.64,
3023,信邦,1071112,783,95445411,88.60,90.00,88.20,90.00,+,1.9,89.90,1,90.00,107,14.11,
3024,憶聲,194519,80,1229763,6.38,6.38,6.28,6.28,-,0.06,6.28,9,6.30,47,19.03,
3025,星通,366004,159,6986526,19.05,19.45,18.70,19.05,-,0.2,19.05,2,19.10,1,211.67,
3026,禾伸堂,3336726,"2,539",436361502,130.50,132.50,129.00,129.00,-,1.0,129.00,129,129.50,7,6.78,
3027,盛達,72305,51,621480,8.60,8.60,8.58,8.60,,0.0,8.60,91,8.67,4,0.00,
3028,增你強,706909,255,15628467,22.10,22.25,22.00,22.20,+,0.1,22.10,10,22.20,12,10.33,
3029,零壹,2398279,"1,144",54616886,22.90,23.00,22.60,22.65,,0.0,22.60,148,22.65,67,11.92,
3030,德律,1459797,834,73543050,50.90,51.30,50.00,50.00,-,1.0,49.95,31,50.00,100,12.11,
3031,佰鴻,191145,117,2260851,11.85,11.95,11.75,11.75,-,0.05,11.75,29,11.80,9,15.67,
3032,偉訓,95203,60,2571331,27.00,27.20,26.80,26.95,-,0.05,26.90,4,26.95,3,8.00,
3033,威健,502124,314,9757305,19.35,19.50,19.35,19.40,+,0.1,19.40,73,19.50,91,8.82,
3034,聯詠,3908983,"2,606",675956182,175.00,176.00,171.00,173.50,,0.0,173.00,13,173.50,7,18.68,
3035,智原,4742212,"3,313",231635191,48.70,49.85,48.00,48.00,+,0.15,48.00,59,48.05,1,52.75,
3036,文曄,1326720,841,53217282,40.15,40.25,40.05,40.10,-,0.05,40.10,14,40.15,25,7.67,
3037,欣興,42075184,"13,486",1040180010,24.60,25.10,24.25,24.25,-,0.3,24.25,33,24.35,120,20.55,
3038,全台,3167633,"1,023",41288573,12.80,13.30,12.75,12.75,+,0.1,12.75,70,12.80,6,16.35,
3040,遠見,180255,130,6686886,37.15,37.55,37.00,37.00,-,0.75,37.00,5,37.10,1,33.94,
3041,揚智,768649,382,9719310,12.75,12.80,12.55,12.60,-,0.1,12.60,20,12.65,28,0.00,
3042,晶技,769162,300,26689460,34.20,34.90,34.20,34.20,+,0.25,34.15,14,34.40,1,15.41,
3043,科風,292694,56,880055,3.10,3.10,2.95,3.00,-,0.1,3.00,8,3.01,3,33.33,
3044,健鼎,4427628,"2,637",397943867,90.10,90.50,89.40,90.30,+,1.0,90.30,2,90.40,60,9.61,
3045,台灣大,5310301,"1,649",582189590,109.50,110.00,109.00,110.00,+,0.5,109.50,546,110.00,"2,459",21.96,
3046,建碁,21047,17,418378,20.00,20.05,19.55,20.00,,0.0,19.85,1,20.00,4,0.00,
3047,訊舟,345962,180,3377000,9.77,9.86,9.70,9.71,-,0.08,9.71,1,9.74,9,0.00,
3048,益登,227745,176,3098709,13.65,13.70,13.55,13.55,-,0.05,13.55,85,13.60,23,11.78,
3049,和鑫,11410729,"2,991",114513285,10.00,10.30,9.87,9.99,-,0.01,9.99,97,10.00,179,16.65,
3050,鈺德,156014,71,1527752,9.89,9.89,9.75,9.75,-,0.06,9.75,10,9.79,4,42.39,
3051,力特,27039,37,89726,3.30,3.38,3.30,3.32,-,0.05,3.31,9,3.37,9,0.00,
3052,夆典,59144,49,510984,8.66,8.66,8.63,8.65,-,0.02,8.64,48,8.67,5,19.66,
3054,立萬利,9633,18,253595,26.65,26.65,26.25,26.55,+,0.15,26.20,2,26.60,3,"2,655.00",
3055,蔚華科,121401,52,3177115,26.20,26.20,26.05,26.05,-,0.1,26.05,20,26.30,3,40.70,
3056,總太,879768,444,17297891,19.35,19.90,19.35,19.70,+,0.5,19.65,5,19.75,29,13.31,
3057,喬鼎,88438,124,722071,8.16,8.20,8.14,8.14,-,0.02,8.14,3,8.16,2,0.00,
3058,立德,48578,35,391414,8.10,8.10,8.04,8.07,+,0.03,8.06,1,8.07,2,0.00,
3059,華晶科,2491920,"1,420",69192537,28.20,28.20,27.50,27.50,-,0.45,27.50,98,27.55,14,63.95,
3060,銘異,848049,529,15201522,17.85,18.35,17.65,17.70,-,0.1,17.70,92,17.75,1,0.00,
3062,建漢,729330,350,11498621,15.75,15.90,15.65,15.65,-,0.2,15.60,60,15.65,4,30.10,
3090,日電貿,2583873,"1,636",148698061,57.60,58.50,56.90,56.90,-,0.5,56.90,2,57.00,5,6.74,
3094,聯傑,61293,48,1174460,19.25,19.25,19.10,19.15,+,0.05,19.10,31,19.15,1,39.90,
3130,一零四,2123,4,354541,167.00,167.00,167.00,167.00,+,1.0,167.00,2,168.00,2,18.85,
3149,正達,2105384,825,22980103,11.00,11.15,10.75,10.90,-,0.3,10.80,17,10.90,36,0.00,
3164,景岳,107004,51,2789154,26.10,26.25,26.00,26.10,,0.0,26.00,3,26.10,9,19.77,
3167,大量,395308,320,16593276,42.40,42.40,41.70,41.90,,0.0,41.85,4,41.90,2,7.73,
3189,景碩,1263050,743,54819430,43.40,43.65,43.25,43.25,-,0.1,43.25,43,43.30,2,54.06,
3209,全科,192034,138,3627609,19.00,19.00,18.75,18.90,-,0.1,18.80,3,18.90,36,11.12,
3229,晟鈦,76156,32,1319383,17.20,17.40,17.20,17.30,+,0.05,17.30,13,17.35,1,0.00,
3231,緯創,7698022,"3,108",164374658,21.40,21.45,21.25,21.30,-,0.1,21.30,833,21.35,4,13.65,
3257,虹冠電,107022,71,5441200,51.00,51.10,50.50,50.60,-,0.2,50.60,16,50.90,1,33.07,
3266,昇陽,20000,13,223700,11.20,11.20,11.15,11.20,,0.0,11.15,1,11.20,3,15.56,
3296,勝德,34125,27,507162,14.90,14.90,14.70,14.80,+,0.1,14.70,9,14.80,8,36.10,
3305,昇貿,221930,109,4549100,20.20,21.00,19.95,20.80,+,0.75,20.65,1,20.80,3,56.22,
3308,聯德,22082,18,150151,6.88,6.89,6.70,6.70,+,0.02,6.70,5,6.88,1,0.00,
3311,閎暉,865554,386,13069842,15.10,15.10,15.10,15.10,+,1.35,15.10,"192,101",--,0,0.00,
3312,弘憶股,158982,154,1744084,11.05,11.05,10.90,10.95,-,0.1,10.95,5,11.00,13,8.23,
3321,同泰,309430,117,3501008,11.40,11.45,11.25,11.30,,0.0,11.30,28,11.40,92,0.00,
3338,泰碩,17195291,"9,075",646076376,39.00,39.15,36.00,36.00,-,1.5,36.00,217,36.20,22,47.37,
3346,麗清,994036,646,37291823,38.15,38.15,37.15,37.15,X,0.0,37.15,7,37.30,5,10.49,
3356,奇偶,1382848,882,49430291,36.50,36.60,35.25,35.25,-,0.95,35.25,12,35.30,2,503.57,
3376,新日興,6972230,"4,093",737100026,110.00,110.50,103.00,104.50,-,5.5,104.00,55,104.50,40,20.82,
3380,明泰,2965615,"1,424",56446001,19.40,19.40,18.85,18.95,-,0.4,18.90,40,18.95,1,0.00,
3383,新世紀,130109,15,227219,1.74,1.80,1.74,1.74,,0.0,1.74,19,1.75,1,0.00,
3406,玉晶光,12169248,"9,247",3835192880,321.00,321.00,309.50,310.00,-,6.5,310.00,27,310.50,21,25.24,
3413,京鼎,1829741,"1,298",265682331,146.50,147.50,143.00,143.50,-,3.5,143.50,11,144.00,10,9.79,
3416,融程電,17000,12,883900,52.40,52.40,51.90,52.00,-,0.4,51.90,2,52.00,1,20.97,
3419,譁裕,2452266,996,42466123,17.20,17.45,17.10,17.20,+,0.1,17.20,170,17.25,9,0.00,
3432,台端,336000,137,5462400,16.55,16.60,16.05,16.15,-,0.4,16.15,1,16.20,1,4.23,
3437,榮創,1590550,741,27650975,17.25,17.55,17.15,17.40,+,0.3,17.40,18,17.45,23,0.00,
3443,創意,12338992,"9,395",2752218820,222.00,233.00,209.00,209.00,-,8.0,209.00,139,209.50,3,28.36,
3450,聯鈞,3125689,"2,350",237308475,76.90,77.60,74.70,74.70,-,1.2,74.60,30,74.80,5,15.37,
3454,晶睿,632841,525,76431079,120.50,122.50,119.00,119.50,-,1.0,119.50,9,120.00,4,30.64,
3481,群創,38519135,"8,044",383452559,9.89,9.99,9.87,9.96,+,0.12,9.96,141,9.97,328,13.64,
3494,誠研,237559,127,1486806,6.35,6.35,6.20,6.20,-,0.15,6.17,4,6.20,41,0.00,
3501,維熹,237290,179,13200496,56.50,56.50,55.40,55.50,-,0.5,55.40,10,55.50,2,9.79,
3504,揚明光,4475412,"3,202",387864020,88.90,89.20,84.60,84.60,-,3.2,84.60,11,84.80,1,53.89,
3515,華擎,208327,162,12972539,62.50,62.60,62.00,62.20,-,0.3,62.20,3,62.30,3,12.24,
3518,柏騰,254684,214,4559917,17.85,18.25,17.40,17.40,-,0.45,17.40,6,17.50,17,0.00,
3519,綠能,396178,180,1773338,4.42,4.54,4.42,4.45,-,0.15,4.42,23,4.45,9,0.00,
3528,安馳,69816,41,2358180,33.80,33.85,33.65,33.70,-,0.15,33.65,2,33.80,1,12.44,
3530,晶相光,889000,697,89758600,101.00,103.00,99.00,100.50,+,0.6,100.00,1,101.00,13,40.20,
3532,台勝科,2709560,"2,014",334487523,122.00,126.00,121.50,121.50,-,0.5,121.50,92,122.00,6,9.54,
3533,嘉澤,1906674,"1,608",436397150,234.00,236.50,223.50,224.00,-,7.5,224.00,1,224.50,1,15.95,
3535,晶彩科,500178,284,8582550,17.10,17.35,17.00,17.15,+,0.1,17.15,1,17.20,6,32.36,
3536,誠創,46000,32,360970,7.77,7.91,7.77,7.80,+,0.03,7.80,5,7.88,3,0.00,
3545,敦泰,5076438,"2,296",113406588,21.95,22.60,21.95,22.60,+,0.75,22.55,51,22.60,18,0.00,
3550,聯穎,175040,128,3023582,17.30,17.40,17.15,17.35,+,0.05,17.30,1,17.35,9,10.98,
3557,嘉威,205147,80,3799165,18.55,18.60,18.50,18.60,+,0.05,18.55,1,18.60,64,0.00,
3576,聯合再生,14546119,"4,086",126119162,8.58,8.75,8.54,8.70,+,0.22,8.69,3,8.70,45,0.00,
3579,尚志,1000313,305,8702722,8.70,8.70,8.70,8.70,+,0.79,8.70,"4,876",--,0,0.00,
3583,辛耘,639600,473,44012520,68.90,69.80,68.30,68.60,+,0.2,68.50,4,68.60,1,14.03,
3588,通嘉,281331,237,6454821,23.65,23.65,22.55,22.80,-,1.0,22.80,4,22.90,2,29.23,
3591,艾笛森,85014,53,1228546,14.50,14.55,14.35,14.40,-,0.05,14.40,3,14.45,5,0.00,
3593,力銘,16263,62,130004,7.90,8.00,7.90,8.00,-,0.08,8.00,4,8.10,7,0.00,
3596,智易,4585481,"3,528",419650865,93.10,93.20,90.80,90.80,-,1.7,90.80,74,90.90,7,21.47,
3605,宏致,928872,562,24088432,26.45,26.45,25.55,26.00,-,0.15,26.00,32,26.10,8,20.31,
3607,谷崧,320050,255,5231750,16.45,16.60,16.20,16.20,-,0.25,16.20,19,16.30,11,0.00,
3617,碩天,165094,146,13646888,82.10,83.40,81.60,81.90,+,1.6,81.90,1,82.20,2,10.86,
3622,洋華,511396,217,8946494,17.20,17.60,17.20,17.45,+,0.3,17.45,5,17.50,1,18.56,
3645,達邁,4400860,"2,938",262710947,60.90,61.30,58.60,59.90,-,1.0,59.50,2,59.90,21,18.84,
3653,健策,3081202,"2,342",300868767,99.60,100.50,95.70,96.50,-,2.7,96.50,14,96.60,5,27.03,
3661,世芯-KY,5280818,"3,849",457840345,88.10,89.50,84.30,84.30,-,3.7,84.30,15,84.50,2,12.58,
3665,貿聯-KY,1078512,882,213409626,198.00,200.00,196.00,197.00,,0.0,196.50,5,197.00,1,17.86,
3669,圓展,32000,16,577400,18.00,18.25,17.90,18.00,,0.0,17.90,6,18.00,2,450.00,
3673,TPK-KY,2995701,"2,020",158652242,53.50,53.70,52.50,52.50,-,0.7,52.50,69,52.60,6,34.31,
3679,新至陞,28400,31,1643900,58.00,58.00,57.50,58.00,+,0.3,57.50,1,58.30,1,15.06,
3682,亞太電,17535030,"3,598",125603686,7.03,7.21,7.03,7.18,+,0.15,7.18,100,7.19,236,0.00,
3686,達能,1049361,264,3105353,2.94,2.98,2.93,2.97,+,0.03,2.96,5,2.97,10,0.00,
3694,海華,1940007,773,44992062,22.60,23.60,22.60,23.05,+,0.55,23.05,1,23.10,10,0.00,
3698,隆達,889562,380,16263155,18.35,18.45,18.15,18.15,-,0.15,18.15,58,18.25,39,58.55,
3701,大眾控,648,11,7967,--,--,--,--,,0.0,12.55,5,12.75,10,21.61,
3702,大聯大,3594679,"1,793",142447914,39.60,39.90,39.25,39.65,+,0.05,39.65,8,39.70,25,8.87,
3703,欣陸,2454422,822,36476934,14.65,15.10,14.55,15.00,+,0.4,14.95,13,15.00,51,10.14,
3704,合勤控,1307413,571,18656642,14.50,14.60,14.10,14.15,-,0.4,14.10,12,14.15,102,0.00,
3705,永信,312176,218,12950086,41.40,41.60,41.35,41.45,+,0.1,41.45,6,41.50,1,17.20,
3706,神達,2871655,"1,021",83309245,28.70,29.60,28.50,29.15,+,0.55,29.15,1,29.20,15,8.21,
3708,上緯投控,2645717,"1,966",253256432,96.90,97.50,94.60,95.60,-,2.0,95.60,6,95.70,3,11.46,
3711,日月光投控,17048933,"7,718",1099858259,62.00,65.30,61.90,64.50,+,2.5,64.50,97,64.60,1,0.00,
3712,永崴投控,652264,327,13935421,21.65,21.70,21.15,21.20,-,0.1,21.20,4,21.30,31,0.00,
4104,佳醫,135412,116,6544441,48.40,48.50,48.25,48.30,-,0.1,48.30,3,48.35,9,14.68,
4106,雃博,96200,68,2457990,25.75,25.75,25.45,25.45,-,0.25,25.45,1,25.50,10,22.72,
4108,懷特,560115,318,12347459,22.20,22.25,21.80,22.00,+,0.4,21.95,2,22.00,18,0.00,
4119,旭富,638462,538,49711586,78.40,78.50,77.60,77.60,-,1.0,77.60,13,77.70,3,15.58,
4133,亞諾法,85268,79,2732626,32.00,32.20,32.00,32.15,+,0.05,32.05,1,32.20,2,44.04,
4137,麗豐-KY,862543,832,245210351,293.00,293.00,279.00,280.50,-,11.5,280.50,3,281.00,1,20.66,
4141,龍燈-KY,70000,40,1303550,18.60,18.70,18.50,18.50,,0.0,18.50,16,18.60,2,33.64,
4142,國光生,915703,493,18460346,19.95,20.60,19.90,20.25,+,0.35,20.25,9,20.30,63,0.00,
4144,康聯-KY,259100,156,7558080,29.30,29.55,28.90,29.05,-,0.4,29.00,4,29.05,1,16.60,
4148,全宇生技-KY,128000,108,8033100,63.30,63.90,62.20,62.30,-,1.0,62.30,3,62.60,1,11.64,
4155,訊映,58238,33,1534858,26.45,26.60,26.30,26.30,-,0.15,26.20,5,26.30,4,13.35,
4164,承業醫,118133,76,3855842,32.60,32.70,32.60,32.70,+,0.1,32.65,1,32.70,6,121.11,
4190,佐登-KY,637161,506,76680239,122.50,122.50,118.50,119.00,-,3.5,119.00,18,119.50,11,17.15,
4306,炎洲,936701,454,13186164,14.00,14.25,14.00,14.00,+,0.05,14.00,101,14.05,14,9.59,
4414,如興,1596271,760,23304850,14.75,14.85,14.45,14.45,-,0.35,14.45,4,14.50,71,0.00,
4426,利勤,1700692,"1,212",82082917,48.50,49.30,47.50,47.50,-,0.2,47.50,35,47.60,1,25.27,
4438,廣越,85210,69,10584540,124.00,124.50,124.00,124.00,-,0.5,124.00,23,124.50,5,17.84,
4526,東台,208360,101,3787557,18.30,18.30,18.10,18.25,,0.0,18.20,5,18.25,24,50.69,
4532,瑞智,294037,152,7891391,26.90,27.00,26.70,26.80,-,0.1,26.75,13,26.80,2,11.96,
4536,拓凱,653124,561,91978673,145.00,145.50,137.50,138.00,-,8.0,138.00,11,139.00,1,17.49,
4540,全球傳動,1705127,"1,219",123940471,70.30,74.60,70.30,73.00,+,2.7,72.90,8,73.00,12,12.99,
4545,銘鈺,33001,32,834325,26.00,26.00,25.00,25.40,+,0.15,25.10,1,25.35,1,0.00,
4551,智伸科,644047,567,79136234,122.50,125.50,120.00,122.00,-,1.0,121.50,5,122.00,6,19.37,
4552,力達-KY,437200,332,27925700,64.50,64.90,63.40,63.50,-,1.0,63.50,1,63.60,1,7.24,
4555,氣立,10000,10,583400,58.50,58.50,58.20,58.20,,0.0,58.00,3,58.20,2,22.73,
4557,永新-KY,32011,35,2300181,72.00,72.00,71.80,71.90,,0.0,71.70,5,72.00,14,16.57,
4560,強信-KY,246000,156,13586700,55.30,56.00,54.70,55.20,+,0.1,54.80,7,55.30,11,12.00,
4562,穎漢,15000,10,527450,34.85,35.30,34.75,34.80,+,0.1,34.80,2,35.00,3,13.98,
4566,時碩工業,242000,167,11126050,46.60,46.60,45.85,45.85,-,0.75,45.85,7,45.95,2,12.95,
4720,德淵,56244,13,759519,13.55,13.55,13.50,13.50,+,0.05,13.50,6,13.55,1,58.70,
4722,國精化,68950,52,1917214,27.80,28.15,27.60,27.65,-,0.15,27.65,1,27.70,1,10.09,
4725,信昌化,628000,368,15213650,24.70,24.70,24.10,24.10,-,0.4,24.05,78,24.10,16,19.92,
4737,華廣,16000,6,832300,52.10,52.10,51.70,52.00,+,0.3,51.60,3,52.10,2,26.26,
4739,康普,1459787,"1,111",145455794,100.00,101.50,98.20,98.50,-,0.6,98.50,39,98.60,1,17.34,
4746,台耀,170241,119,7381985,43.25,43.80,43.20,43.30,+,0.1,43.25,3,43.40,1,41.63,
4755,三福化,112008,87,5163274,45.80,46.55,45.80,45.90,+,0.55,45.90,1,46.00,11,10.90,
4763,材料-KY,207244,179,27542952,135.00,136.50,131.00,131.50,-,3.5,131.50,4,132.00,4,26.84,
4764,雙鍵,128000,100,10530400,82.80,82.80,81.80,82.40,-,0.1,82.00,2,82.50,1,11.96,
4766,南寶,236100,185,30360300,131.00,131.00,128.00,128.00,-,2.5,128.00,17,128.50,3,17.37,
4807,日成-KY,23075,38,1245480,54.00,54.30,53.70,54.20,,0.0,54.00,1,54.40,2,9.75,
4904,遠傳,3682211,"2,117",264367458,71.80,72.00,71.60,71.60,-,0.5,71.60,124,71.80,7,23.32,
4906,正文,3607629,"1,573",89050865,25.00,25.10,24.45,24.50,-,0.45,24.50,6,24.55,5,0.00,
4912,聯德控股-KY,338000,272,51742500,156.50,156.50,151.00,151.00,-,4.5,151.00,7,152.50,13,20.80,
4915,致伸,4507336,"2,786",262262384,58.60,59.30,57.30,57.70,-,0.8,57.70,5,57.80,3,13.48,
4916,事欣科,146700,143,4705497,32.20,32.45,31.85,31.90,-,0.2,31.90,1,32.00,6,12.36,
4919,新唐,3699205,"2,469",180127333,48.80,49.70,48.05,48.10,-,0.05,48.10,16,48.30,5,14.06,
4927,泰鼎-KY,5681261,"2,949",248490396,44.05,44.20,43.50,43.60,-,0.85,43.60,82,43.70,30,12.25,
4930,燦星網,51605,20,604796,11.60,11.75,11.60,11.70,+,0.1,11.70,14,11.75,14,0.00,
4934,太極,397131,160,2087561,5.23,5.30,5.21,5.23,+,0.02,5.22,33,5.23,2,0.00,
4935,茂林-KY,1415100,426,47638100,33.00,34.70,32.80,34.10,+,1.5,34.10,12,34.30,10,26.23,
4938,和碩,7669739,"3,749",408766467,53.80,54.00,52.80,53.00,-,0.7,53.00,602,53.10,2,11.96,
4942,嘉彰,392000,295,14654200,37.40,37.85,37.15,37.35,+,0.1,37.30,23,37.35,1,9.11,
4943,康控-KY,1295214,991,164834354,130.00,130.50,125.00,125.00,-,3.5,125.00,41,125.50,3,11.93,
4952,凌通,251437,206,8915334,35.45,35.70,35.25,35.35,+,0.1,35.35,1,35.40,5,12.40,
4956,光鋐,927046,449,14854586,15.80,16.20,15.80,15.90,+,0.25,15.90,11,16.00,14,69.13,
4958,臻鼎-KY,21146895,"11,572",1945253887,89.60,94.80,89.00,91.50,+,2.0,91.50,22,91.70,2,9.43,
4960,誠美材,18460215,"5,225",215596054,11.95,12.00,11.40,11.50,-,0.45,11.45,409,11.50,48,0.00,
4961,天鈺,3276802,"2,046",138422691,41.45,43.35,41.15,41.90,+,0.55,41.90,3,41.95,6,22.90,
4967,十銓,434200,260,11938960,27.70,27.90,27.25,27.35,-,0.35,27.35,6,27.45,1,7.03,
4968,立積,1738200,"1,254",93101832,53.90,54.80,52.20,52.20,-,0.8,52.20,14,52.30,1,16.06,
4976,佳凌,1631100,"1,072",61823175,38.30,38.75,37.40,37.65,-,0.6,37.65,5,37.70,26,83.67,
4977,眾達-KY,1234239,951,112345310,92.40,93.10,89.80,89.90,-,1.7,89.90,49,90.00,1,15.83,
4989,榮科,2412281,"1,143",63409668,25.90,26.80,25.90,26.00,+,0.15,26.00,25,26.05,2,11.61,
4994,傳奇,101000,86,6238400,62.70,62.70,61.30,62.00,+,1.3,61.20,1,62.00,16,0.00,
4999,鑫禾,224014,169,11201470,50.50,50.50,49.70,49.90,-,0.6,49.90,2,50.00,42,7.78,
5007,三星,42870,34,2256935,52.80,52.80,52.50,52.70,+,0.2,52.60,3,52.80,5,13.58,
5203,訊連,72207,63,5252083,72.90,73.30,72.50,72.50,-,0.1,72.50,3,72.60,1,18.49,
5215,科嘉-KY,61000,30,1931750,31.85,31.85,31.60,31.60,-,0.1,31.60,5,31.70,6,9.69,
5225,東科-KY,150000,122,4797550,32.90,32.90,31.40,31.80,-,0.7,31.70,1,31.80,2,7.85,
5234,達興材料,6265553,"4,562",696232387,118.00,120.50,106.50,106.50,-,11.5,--,0,106.50,197,17.93,
5243,乙盛-KY,443685,329,14490900,33.00,33.15,32.30,32.80,-,0.1,32.80,29,32.85,11,16.00,
5258,虹堡,259843,139,3855968,15.05,15.05,14.60,14.65,-,0.3,14.65,17,14.70,1,61.04,
5259,清惠,1000,1,8680,8.68,8.68,8.68,8.68,+,0.11,8.27,1,8.68,1,0.00,
5264,鎧勝-KY,2282500,"1,521",113490450,50.30,50.70,49.30,49.30,-,1.0,49.30,1,49.35,24,0.00,
5269,祥碩,1139724,"1,114",662857680,591.00,600.00,566.00,566.00,-,20.0,566.00,5,568.00,11,44.67,
5284,jpp-KY,8000,8,441000,55.00,55.30,55.00,55.30,-,0.4,55.20,2,55.70,2,13.17,
5285,界霖,184010,107,12898196,70.70,70.70,69.50,69.60,-,1.3,69.50,24,69.70,13,13.36,
5288,豐祥-KY,1461170,"1,069",208496564,144.50,146.50,139.00,142.50,-,1.0,142.50,12,143.00,11,17.88,
5305,敦南,3215300,"1,442",113898734,35.65,35.80,35.10,35.50,+,0.2,35.50,19,35.55,24,16.67,
5388,中磊,1832200,"1,165",116042800,63.50,63.70,63.00,63.10,+,0.1,63.10,9,63.20,8,17.19,
5434,崇越,636783,527,49145417,77.10,77.50,76.20,77.30,+,0.1,77.10,4,77.30,8,11.61,
5469,瀚宇博,5315009,"2,399",147958292,28.30,28.30,27.50,27.55,-,0.45,27.55,41,27.60,30,7.76,
5471,松翰,193342,148,5718653,29.70,29.80,29.45,29.50,-,0.2,29.50,5,29.55,1,15.53,
5484,慧友,97611,44,476327,4.91,4.96,4.83,4.93,-,0.02,4.86,2,4.93,3,0.00,
5515,建國,74375,37,736328,9.90,9.92,9.85,9.90,,0.0,9.85,35,9.90,2,13.38,
5519,隆大,401200,173,5181709,12.95,13.00,12.85,12.90,-,0.05,12.90,57,12.95,13,8.90,
5521,工信,245181,129,1989784,8.09,8.14,8.09,8.14,+,0.04,8.12,5,8.14,2,0.00,
5522,遠雄,653700,371,24315907,37.40,37.40,37.00,37.20,-,0.2,37.15,13,37.20,2,14.88,
5525,順天,90360,41,2024682,22.50,22.50,22.35,22.35,-,0.15,22.35,19,22.45,2,5.81,
5531,鄉林,393821,117,4229351,10.75,10.80,10.65,10.70,-,0.05,10.70,62,10.75,18,11.51,
5533,皇鼎,75984,8,1247538,16.30,16.45,16.30,16.45,+,0.1,16.25,1,16.40,1,11.50,
5534,長虹,486233,384,42458716,87.40,87.80,86.90,87.20,,0.0,87.00,3,87.20,9,5.23,
5538,東明-KY,19000,12,690600,36.35,36.40,36.30,36.35,+,0.05,36.30,2,36.35,3,8.59,
5607,遠雄港,118000,40,2188700,18.55,18.60,18.45,18.60,+,0.05,18.50,17,18.60,6,12.24,
5608,四維航,468867,507,4875082,10.40,10.50,10.30,10.45,+,0.05,10.45,1,10.50,19,0.00,
5706,鳳凰,22002,21,787372,35.80,35.95,35.75,35.75,+,0.1,35.70,13,35.80,4,14.36,
5871,中租-KY,4204067,"2,223",498111973,117.50,120.00,116.50,119.50,+,2.5,119.00,51,119.50,162,12.17,
5876,上海商銀,20809307,"8,171",936265628,45.70,45.70,44.65,44.90,-,0.8,44.85,12,44.90,23,14.25,
5880,合庫金,11679201,"3,315",221611769,18.95,19.00,18.90,19.00,+,0.05,18.95,779,19.00,"2,077",16.10,
5906,台南-KY,4158,11,48378,11.70,11.70,11.60,11.65,,0.0,11.55,1,11.65,2,17.13,
5907,大洋-KY,1093500,670,39745849,36.85,36.95,36.00,36.00,-,0.45,36.00,2,36.10,3,9.47,
6005,群益證,2495661,536,23045967,9.25,9.26,9.22,9.23,-,0.01,9.23,10,9.24,253,8.39,
6024,群益期,157453,119,7365413,47.00,47.00,46.65,46.95,,0.0,46.95,4,47.00,29,9.06,
6108,競國,1018191,461,28454167,27.90,28.10,27.75,27.75,,0.0,27.75,10,27.80,3,8.95,
6112,聚碩,106077,113,3415270,32.20,32.25,32.10,32.25,,0.0,32.15,7,32.25,2,11.28,
6115,鎰勝,42249,23,1782582,42.00,42.35,41.95,42.00,+,0.1,41.95,6,42.00,8,17.07,
6116,彩晶,8947810,"2,270",63123700,7.13,7.13,7.00,7.01,-,0.07,7.01,163,7.02,12,5.79,
6117,迎廣,53360,20,731778,13.65,13.75,13.65,13.70,+,0.05,13.70,4,13.80,2,3.71,
6120,達運,4583637,"1,805",91907122,20.35,20.45,19.90,19.90,-,0.3,19.90,170,19.95,5,41.46,
6128,上福,196936,141,6886369,34.90,35.10,34.85,34.90,+,0.3,34.85,27,35.00,11,17.19,
6133,金橋,101327,49,903765,8.80,8.96,8.80,8.95,+,0.2,8.95,16,8.96,12,59.67,
6136,富爾特,34190,43,686126,20.10,20.10,20.05,20.10,,0.0,20.05,4,20.15,2,18.96,
6139,亞翔,718000,427,20872000,29.40,29.50,28.85,28.95,-,0.35,28.90,2,28.95,6,11.05,
6141,柏承,1047003,408,20166457,19.35,19.70,19.00,19.10,-,0.2,19.05,2,19.10,15,36.04,
6142,友勁,3642969,"1,215",32673780,8.85,9.09,8.82,8.88,+,0.1,8.88,22,8.91,7,0.00,
6152,百一,353938,155,1784788,5.10,5.12,5.00,5.02,-,0.13,5.02,5,5.05,20,0.00,
6153,嘉聯益,17477269,"6,392",533104403,30.80,31.05,30.10,30.10,-,0.35,30.10,110,30.15,7,30.10,
6155,鈞寶,465733,277,10249076,22.00,22.20,21.85,21.85,,0.0,21.85,3,21.90,2,15.83,
6164,華興,226908,101,2013321,8.86,8.93,8.85,8.91,+,0.03,8.85,18,8.92,19,0.00,
6165,捷泰,186028,117,1583169,8.64,8.65,8.37,8.55,-,0.15,8.41,2,8.54,3,0.00,
6166,凌華,798425,648,36318675,44.70,46.30,44.70,46.00,+,1.75,45.95,1,46.00,24,48.42,
6168,宏齊,2557365,"1,219",36991543,14.25,14.70,14.15,14.20,+,0.15,14.20,35,14.25,3,15.11,
6172,互億,64269,62,1034846,15.35,16.70,15.35,15.70,+,0.35,15.80,1,16.00,1,60.38,
6176,瑞儀,3489432,"2,282",322422054,92.30,93.30,91.80,92.10,-,0.2,92.00,203,92.10,10,10.57,
6177,達麗,54479,45,1667583,30.35,30.75,30.35,30.60,+,0.3,30.55,15,30.70,11,36.00,
6183,關貿,90539,46,3118475,34.55,34.60,34.25,34.40,-,0.1,34.35,5,34.60,1,18.40,
6184,大豐電,58164,37,2054337,35.40,35.40,35.20,35.30,-,0.1,35.25,1,35.30,28,13.27,
6189,豐藝,236986,149,7011373,29.60,29.70,29.50,29.55,-,0.05,29.55,12,29.60,24,10.26,
6191,精成科,2411253,912,33642530,14.00,14.15,13.80,13.85,-,0.25,13.85,1,13.90,44,11.54,
6192,巨路,96096,89,6613774,69.00,69.00,68.70,68.80,+,0.4,68.80,5,68.90,7,10.39,
6196,帆宣,420824,318,23750691,57.30,57.30,56.10,56.10,-,0.4,56.10,24,56.30,1,10.77,
6197,佳必琪,227500,227,6311655,27.70,28.00,27.60,27.80,+,0.2,27.65,11,27.80,1,15.11,
6201,亞弘電,333763,250,11199286,33.05,33.90,33.05,33.65,+,0.85,33.60,2,33.65,3,12.65,
6202,盛群,814507,679,59167907,72.50,73.20,72.10,72.60,+,0.5,72.60,2,72.70,2,15.41,
6205,詮欣,313109,211,7890351,24.25,26.00,24.25,25.25,+,1.05,25.25,2,25.30,10,13.36,
6206,飛捷,131932,77,9612936,72.80,73.00,72.80,73.00,+,0.3,72.90,4,73.00,4,12.27,
6209,今國光,2213568,"1,381",74253602,34.10,34.30,33.20,33.20,-,0.8,33.15,29,33.20,10,0.00,
6213,聯茂,2280065,"1,557",158717986,70.40,70.50,68.80,69.10,-,1.0,69.10,20,69.30,4,13.37,
6214,精誠,412241,269,26909229,65.20,65.60,65.20,65.30,-,0.1,65.20,68,65.30,2,12.83,
6215,和椿,5281950,"2,637",98404024,18.90,19.10,18.20,18.70,+,1.2,18.55,3,18.70,45,71.92,
6216,居易,73118,65,2086722,28.45,28.60,28.45,28.55,+,0.15,28.50,20,28.55,1,11.75,
6224,聚鼎,67702,86,3776083,55.70,55.90,55.70,55.70,,0.0,55.70,6,55.90,4,11.95,
6225,天瀚,19340,12,56280,2.86,3.10,2.86,3.10,+,0.08,3.02,1,3.10,3,0.00,
6226,光鼎,462009,124,4069731,8.82,8.86,8.76,8.82,,0.0,8.82,8,8.83,20,67.85,
6230,超眾,5822473,"4,073",857281720,143.50,153.00,140.50,140.50,-,1.0,140.50,43,141.00,4,23.57,
6235,華孚,389301,186,6631367,17.05,17.20,16.95,17.00,+,0.05,16.95,72,17.00,10,15.60,
6239,力成,5054435,"2,452",368556185,72.60,73.10,72.20,72.90,+,0.2,72.90,"1,841",73.00,48,8.68,
6243,迅杰,648570,320,7828890,12.10,12.35,12.00,12.05,-,0.45,12.05,8,12.15,1,0.00,
6251,定穎,2724349,849,25425830,9.10,9.50,9.10,9.29,+,0.24,9.29,10,9.30,11,0.00,
6257,矽格,7719785,"4,043",236166166,30.20,31.20,30.10,30.25,+,0.3,30.25,38,30.30,13,8.72,
6269,台郡,4769335,"3,163",435778830,93.20,93.60,90.20,90.60,-,2.0,90.50,108,90.60,12,10.16,
6271,同欣電,964311,668,102024310,106.50,107.00,105.00,105.50,+,0.5,105.50,41,106.00,17,17.10,
6277,宏正,72342,70,6633664,92.20,92.20,91.50,91.90,+,0.6,91.70,3,92.00,4,10.94,
6278,台表科,28170844,"15,460",1444389484,50.50,52.20,50.00,51.40,+,1.8,51.30,28,51.40,5,27.20,
6281,全國電,14340,19,935500,65.30,65.40,65.20,65.40,+,0.2,65.30,6,65.40,12,14.44,
6282,康舒,2116394,945,44507492,21.05,21.15,20.95,21.00,,0.0,20.95,80,21.00,23,11.17,
6283,淳安,420050,271,15785367,38.00,38.00,37.30,37.30,-,0.5,37.30,17,37.35,1,339.09,
6285,啟碁,4644982,"3,070",366960974,79.40,79.80,78.40,78.80,-,0.1,78.80,11,78.90,58,16.69,
6288,聯嘉,610000,302,10818950,18.00,18.00,17.65,17.70,-,0.25,17.65,6,17.70,1,16.54,
6289,華上,33751,34,41781,1.23,1.28,1.23,1.24,-,0.01,1.23,30,1.24,46,7.75,
6405,悅城,78000,58,1176400,15.30,15.30,14.80,15.20,-,0.1,15.05,2,15.20,1,42.22,
6409,旭隼,124283,36,67779386,546.00,546.00,541.00,545.00,+,4.0,545.00,1,546.00,12,23.64,
6412,群電,972061,556,47630289,48.90,49.50,48.50,49.00,+,0.5,49.00,12,49.05,1,16.01,
6414,樺漢,7360804,"5,850",2207031288,299.00,306.00,294.00,296.50,+,4.0,296.50,23,297.00,1,20.02,
6415,矽力-KY,190260,171,95552040,512.00,515.00,498.00,504.00,-,6.0,503.00,1,504.00,1,23.45,
6416,瑞祺電通,1925115,"1,529",190983311,100.00,101.50,97.60,97.70,+,1.0,97.70,6,97.80,13,19.12,
6431,光麗-KY,51024,48,1009180,19.55,19.95,19.55,19.95,-,0.05,19.90,1,19.95,2,0.00,
6442,光聖,769527,530,33516369,43.70,44.25,42.50,43.20,-,0.2,42.95,1,43.25,5,26.02,
6443,元晶,1247011,390,7120404,5.70,5.77,5.64,5.67,+,0.01,5.67,22,5.69,5,0.00,
6449,鈺邦,408226,275,13937070,34.25,34.65,33.75,33.90,-,0.55,33.90,8,33.95,2,11.38,
6451,訊芯-KY,3837360,"2,916",354009938,92.80,94.50,90.40,91.00,+,1.0,90.90,1,91.00,15,97.85,
6452,康友-KY,788215,609,165630580,211.00,212.50,209.00,209.00,-,0.5,209.00,15,209.50,1,17.15,
6456,GIS-KY,6588500,"4,580",743819749,115.50,117.00,110.00,110.00,-,5.0,110.00,54,110.50,49,8.55,
6464,台數科,0,0,0,--,--,--,--,,0.0,106.50,1,110.50,1,21.02,
6477,安集,3596403,"2,021",85623708,23.30,24.30,23.05,23.50,+,1.3,23.50,42,23.55,1,9.83,
6504,南六,43038,44,6994232,162.50,163.00,162.00,162.50,+,1.0,162.00,3,162.50,1,19.39,
6505,台塑化,2817496,"2,025",328635532,115.50,117.50,115.50,117.00,+,1.0,117.00,81,117.50,126,12.75,
6525,捷敏-KY,337400,285,24324200,73.00,73.20,71.30,71.30,-,1.3,71.30,2,71.50,4,10.19,
6531,愛普,169000,127,8128400,48.20,48.50,47.95,47.95,-,0.1,47.95,7,48.20,1,14.36,
6533,晶心科,3630622,"2,915",392729489,105.00,111.50,104.50,104.50,+,1.0,104.50,15,105.00,2,"2,612.50",
6541,泰福-KY,91000,77,6842400,75.00,75.70,74.60,75.70,+,1.0,75.70,1,75.80,3,0.00,
6552,易華電,9393668,"6,721",1143681660,122.50,126.00,116.50,119.00,-,0.5,119.00,14,119.50,38,96.75,
6558,興能高,2038454,"1,608",143230085,70.90,71.70,69.50,69.60,-,2.2,69.60,35,69.70,1,36.44,
6573,虹揚-KY,55000,32,1434400,26.40,26.45,25.80,25.90,-,0.4,25.85,7,25.90,1,29.10,
6579,研揚,48000,37,3700600,77.10,77.30,76.90,77.00,-,0.1,76.90,1,77.40,7,15.62,
6581,鋼聯,66100,65,6593500,100.00,100.00,99.10,99.50,-,0.4,99.50,2,99.90,1,13.88,
6582,申豐,58150,52,3225165,55.80,55.80,55.00,55.10,-,0.7,55.10,1,55.30,1,14.31,
6591,動力-KY,914017,683,40526198,44.00,46.50,43.00,43.00,+,0.4,42.90,19,43.20,4,11.35,
6605,帝寶,197450,143,13559860,68.50,69.00,68.40,68.80,+,0.3,68.80,5,68.90,17,12.35,
6625,必應,25934,28,1362361,52.50,52.80,52.00,52.60,+,0.1,52.00,11,52.80,5,22.01,
6641,基士德-KY,51000,30,3201000,63.00,63.00,62.60,62.70,-,0.2,62.70,1,62.90,10,14.75,
6655,科定,8148,9,412518,51.00,51.00,50.30,50.30,-,0.7,50.30,2,50.40,1,16.33,
6666,羅麗芬-KY,81500,69,13827750,169.00,170.50,168.50,168.50,+,0.5,168.50,6,169.00,3,26.87,
6668,中揚光,1043435,855,93553815,90.10,91.00,88.60,88.60,-,2.4,88.60,17,88.70,3,23.75,
6670,復盛應用,624784,537,99051479,159.00,159.50,157.50,157.50,-,1.5,157.50,8,158.00,1,10.44,
6671,三能-KY,18000,11,855250,47.90,47.90,47.45,47.50,+,0.15,47.20,1,47.45,2,10.51,
6674,鋐寶科技,128202,104,5106219,40.50,40.50,39.60,39.70,-,0.85,39.65,2,39.70,2,11.31,
8011,台通,1300270,613,24664922,18.95,19.10,18.75,18.80,,0.0,18.80,40,18.90,3,0.00,
8016,矽創,1673980,"1,358",197714680,119.50,120.50,117.00,117.00,-,3.5,117.00,18,117.50,7,15.88,
8021,尖點,545539,337,10996548,20.15,20.40,19.95,20.15,,0.0,20.10,44,20.20,26,11.32,
8028,昇陽半導體,7212315,"4,538",354235593,49.00,50.70,47.60,48.25,+,0.25,48.20,22,48.25,8,42.32,
8033,雷虎,251012,136,2183546,8.67,8.76,8.64,8.66,,0.0,8.64,2,8.67,9,0.00,
8039,台虹,1562700,793,59976624,38.75,38.80,38.25,38.35,-,0.15,38.35,21,38.40,8,12.29,
8046,南電,15152768,"6,917",578344362,36.80,38.90,36.60,38.50,+,1.7,38.50,12,38.55,37,0.00,
8070,長華,155474,128,21893360,140.50,142.50,140.00,141.00,+,1.0,140.50,1,141.00,15,12.20,
8072,陞泰,46200,40,1056688,23.05,23.05,22.75,22.75,-,0.1,22.70,3,22.75,1,0.00,
8081,致新,458006,354,32059996,70.00,70.20,69.50,70.00,+,0.4,69.80,9,70.00,7,14.71,
8101,華冠,121782,42,386380,3.16,3.19,3.15,3.18,,0.0,3.17,2,3.18,2,0.00,
8103,瀚荃,66081,53,1716584,26.00,26.00,25.95,25.95,,0.0,25.95,3,26.00,13,12.66,
8104,錸寶,498264,417,37549800,76.20,76.30,74.70,74.70,-,1.5,74.70,10,74.80,9,11.84,
8105,凌巨,895773,283,9066230,10.25,10.25,10.05,10.10,-,0.1,10.05,102,10.10,4,17.41,
8110,華東,694259,213,8088117,11.75,11.75,11.60,11.60,-,0.1,11.60,164,11.65,2,10.84,
8112,至上,1966099,"1,061",58939321,30.20,30.20,29.80,29.90,-,0.3,29.90,6,29.95,26,7.17,
8114,振樺電,77230,70,8412453,109.50,110.00,108.00,108.50,-,1.0,108.00,13,108.50,2,9.23,
8131,福懋科,163249,122,5558365,33.95,34.15,33.95,34.05,+,0.1,34.05,1,34.15,13,9.51,
8150,南茂,3352798,"1,559",86137779,25.75,25.95,25.50,25.50,-,0.15,25.50,24,25.55,19,24.76,
8163,達方,6601273,"4,323",325123454,50.10,50.30,48.30,48.30,-,1.35,48.30,54,48.35,3,10.00,
8201,無敵,86306,45,1186360,13.85,13.95,13.65,13.70,-,0.2,13.65,8,13.75,5,0.00,
8210,勤誠,877148,659,45403636,52.20,52.50,50.80,51.50,-,0.7,51.50,8,51.60,17,11.95,
8213,志超,1876298,"1,083",61855896,33.50,33.60,32.50,32.65,-,0.55,32.60,1,32.65,2,9.15,
8215,明基材,10739819,"5,420",263979333,25.15,25.20,24.30,24.30,-,1.15,24.30,50,24.35,43,21.32,
8222,寶一,492021,377,9240107,18.95,18.95,18.60,18.90,+,0.45,18.75,2,18.90,10,31.50,
8249,菱光,97361,61,2138694,22.00,22.10,21.80,22.00,,0.0,21.85,1,22.00,2,18.18,
8261,富鼎,565530,504,18432819,33.05,33.05,32.20,32.25,-,0.65,32.25,8,32.45,3,16.71,
8271,宇瞻,1176415,713,39549810,33.40,34.15,33.30,34.15,+,0.95,34.10,18,34.15,16,9.59,
8341,日友,553542,490,136637184,251.50,251.50,243.00,247.50,-,3.5,246.50,1,247.50,6,37.16,
8367,建新國際,54000,26,1306150,24.15,24.30,24.15,24.30,+,0.1,24.20,14,24.30,5,16.88,
8374,羅昇,606105,305,13475569,22.25,22.65,21.85,22.25,,0.0,22.25,3,22.30,14,12.23,
8404,百和興業-KY,608890,380,24569017,41.40,41.40,40.00,40.90,-,0.15,40.30,1,40.90,15,45.44,
8411,福貞-KY,25107,17,380215,15.45,15.45,15.10,15.10,-,0.25,15.05,12,15.10,1,0.00,
8422,可寧衛,158645,163,27794875,177.00,177.00,174.00,174.50,-,2.5,174.50,2,175.00,6,13.66,
8427,基勝-KY,4000,4,156550,39.20,39.35,39.00,39.35,+,0.15,38.90,2,39.35,1,0.00,
8429,金麗-KY,370800,206,6491496,17.60,17.60,17.40,17.45,,0.0,17.45,11,17.50,3,9.43,
8442,威宏-KY,27000,14,1634700,60.80,60.80,60.10,60.30,-,0.3,60.00,5,60.50,6,0.00,
8443,阿瘦,10008,14,120946,12.10,12.10,12.05,12.05,-,0.05,12.10,1,12.15,5,24.59,
8454,富邦媒,115400,111,27941698,242.00,243.00,241.00,242.50,+,0.5,242.00,1,242.50,7,23.43,
8463,潤泰材,77003,54,2070231,26.90,27.00,26.70,26.95,+,0.1,26.95,1,27.00,13,31.71,
8464,億豐,893100,815,235217200,258.50,266.00,258.50,263.50,+,4.0,262.00,1,263.50,2,21.79,
8466,美吉吉-KY,8010,8,453574,56.60,56.90,56.50,56.90,-,0.1,56.60,2,57.00,13,12.51,
8467,波力-KY,44000,39,1453000,33.20,33.60,32.70,33.00,-,0.1,33.00,1,33.10,1,15.94,
8473,山林水,206229,156,12325640,59.20,60.40,59.10,60.40,+,1.4,60.30,1,60.40,2,20.47,
8478,東哥遊艇,17000,17,710750,41.50,42.00,41.50,41.75,+,0.05,41.75,1,41.90,6,49.12,
8480,泰昇-KY,3000,3,398000,133.00,133.00,132.00,132.00,-,2.0,131.00,4,133.00,4,17.79,
8481,政伸,26000,12,1381700,53.20,53.50,52.50,53.20,+,0.1,52.80,1,53.30,4,16.12,
8482,商億-KY,154050,122,20980800,136.00,137.50,135.00,137.50,+,1.5,136.50,10,137.50,14,14.37,
8488,吉源-KY,0,0,0,--,--,--,--,,0.0,16.35,3,16.90,6,0.00,
8497,聯廣,29000,20,1441500,49.70,49.90,49.50,49.50,,0.0,49.45,3,49.80,1,14.69,
8499,鼎炫-KY,102000,84,9451600,94.10,94.10,91.80,91.90,-,1.4,91.90,1,92.10,1,13.86,
8926,台汽電,910874,484,23422548,25.80,25.80,25.65,25.70,-,0.05,25.70,71,25.75,20,16.37,
8940,新天地,11000,10,137000,12.60,12.60,12.40,12.40,-,0.05,12.40,4,12.50,30,0.00,
8996,高力,317002,154,13906088,44.30,44.30,43.55,43.95,-,0.05,43.70,2,43.95,9,17.37,
9103,美德醫療-DR,140000,45,166220,1.19,1.19,1.18,1.19,,0.0,1.18,212,1.19,32,0.00,
910322,康師傅-DR,3000,3,66000,22.00,22.00,22.00,22.00,-,0.15,21.85,5,22.00,1,0.00,
910482,聖馬丁-DR,54702,8,17463,0.32,0.33,0.30,0.30,-,0.02,0.31,10,0.32,130,0.00,
9105,泰金寶-DR,1430293,188,3667896,2.55,2.59,2.54,2.57,+,0.01,2.56,123,2.57,43,0.00,
910708,恒大健-DR,0,0,0,--,--,--,--,,0.0,--,0,--,0,0.00,
910861,神州-DR,69000,13,535440,7.76,7.76,7.76,7.76,,0.0,7.76,9,8.00,2,0.00,
9110,越南控-DR,524000,136,1505330,2.83,3.05,2.75,2.83,-,0.12,2.76,6,2.83,8,0.00,
911608,明輝-DR,51000,8,62970,1.24,1.27,1.23,1.24,-,0.03,1.24,1,1.27,6,0.00,
911616,杜康-DR,65000,15,61330,0.93,0.96,0.93,0.93,,0.0,0.93,96,0.96,29,0.00,
911619,耀傑-DR,5000,1,3350,0.67,0.67,0.67,0.67,+,0.03,0.58,3,0.67,6,0.00,
911622,泰聚亨-DR,0,0,0,--,--,--,--,,0.0,5.36,1,5.87,1,0.00,
911868,同方友友-DR,13000,5,16240,1.25,1.27,1.20,1.27,-,0.01,1.21,20,1.27,19,0.00,
912000,晨訊科-DR,4000,2,11280,2.82,2.82,2.82,2.82,-,0.08,2.82,6,2.88,5,0.00,
912398,友佳-DR,7000,4,47040,6.62,6.76,6.62,6.76,+,0.01,6.75,3,6.93,2,0.00,
9136,巨騰-DR,132000,28,1152820,8.73,8.75,8.68,8.73,-,0.01,8.70,6,8.73,2,0.00,
9157,陽光能源-DR,95215,18,76528,0.80,0.82,0.75,0.80,+,0.01,0.78,9,0.80,19,0.00,
9188,精熙-DR,29000,6,142060,4.89,4.90,4.89,4.90,+,0.02,4.79,1,4.95,4,0.00,
9802,鈺齊-KY,535264,394,32519274,61.40,62.00,60.00,60.80,-,0.8,60.60,2,60.80,3,12.18,
9902,台火,191182,80,1769098,9.24,9.30,9.21,9.30,+,0.01,9.20,14,9.30,7,465.00,
9904,寶成,5900125,"2,702",223793850,37.40,38.20,37.20,38.00,+,0.3,37.95,113,38.00,13,9.09,
9905,大華,89031,56,2251340,25.30,25.30,25.25,25.25,,0.0,25.25,25,25.35,12,15.78,
9906,欣巴巴,65765,39,788301,12.05,12.05,11.95,11.95,-,0.1,11.95,11,12.05,1,23.90,
9907,統一實,612782,346,8275913,13.60,13.60,13.45,13.45,-,0.1,13.45,122,13.50,101,16.81,
9908,大台北,41842,33,1225017,29.30,29.30,29.20,29.20,-,0.05,29.20,20,29.30,7,21.31,
9910,豐泰,1718928,"1,283",325492392,190.00,191.50,187.50,189.00,-,2.0,188.50,17,189.00,41,25.47,
9911,櫻花,429158,271,17030947,39.50,39.85,39.50,39.85,+,0.4,39.80,2,39.85,22,11.07,
9912,偉聯,49123,47,445394,8.96,9.19,8.96,9.10,+,0.08,9.03,3,9.10,1,30.33,
9914,美利達,591450,457,95121550,159.00,162.50,159.00,160.00,+,1.5,160.00,208,160.50,2,41.24,
9917,中保,219036,159,18942814,86.40,86.90,86.30,86.30,-,0.5,86.30,7,86.50,1,19.79,
9918,欣天然,8679,20,294842,34.20,34.20,33.90,33.95,-,0.05,33.95,2,34.00,5,26.94,
9919,康那香,4332035,"1,760",51432081,12.10,12.30,11.35,11.40,-,0.2,11.40,46,11.45,5,0.00,
9921,巨大,741246,632,126147574,169.00,172.00,168.50,169.00,,0.0,169.00,20,170.00,17,28.84,
9924,福興,281110,147,10358168,37.00,37.10,36.70,36.70,-,0.3,36.65,17,36.75,5,11.05,
9925,新保,191830,182,7321940,38.25,38.30,37.90,38.00,-,0.2,38.00,3,38.25,19,16.67,
9926,新海,1000,1,40150,40.15,40.15,40.15,40.15,+,0.15,40.00,10,40.15,1,21.13,
9927,泰銘,431650,151,14343065,33.20,33.40,32.95,33.10,+,0.1,33.05,1,33.10,1,11.18,
9928,中視,35010,3,175049,5.00,5.00,5.00,5.00,X,0.0,4.90,10,5.00,9,0.00,
9929,秋雨,77003,27,1228348,15.95,16.00,15.90,16.00,,0.0,15.95,5,16.00,16,160.00,
9930,中聯資源,39781,47,2193842,55.50,55.50,55.00,55.00,-,0.3,54.90,1,55.00,3,17.03,
9931,欣高,4100,9,135304,33.00,33.00,33.00,33.00,,0.0,32.35,1,32.90,1,15.42,
9933,中鼎,472411,317,22555210,47.45,48.00,47.45,47.90,+,0.35,47.85,2,47.90,8,18.78,
9934,成霖,154075,86,2615582,17.05,17.05,16.95,16.95,-,0.05,16.95,23,17.00,42,12.19,
9935,慶豐富,1214296,499,30987078,25.00,25.90,25.00,25.60,+,0.65,25.60,89,25.65,15,18.69,
9937,全國,14093,31,570534,40.40,40.80,40.40,40.80,+,0.1,40.40,1,40.80,7,16.32,
9938,百和,1386555,"1,023",91636382,66.30,66.80,65.60,65.70,-,0.2,65.70,8,65.80,2,14.73,
9939,宏全,408354,282,20492740,50.30,50.60,50.00,50.20,-,0.1,50.10,3,50.30,14,12.84,
9940,信義,295261,214,9274432,31.75,31.75,31.20,31.40,-,0.4,31.40,12,31.45,5,19.15,
9941,裕融,196074,164,20323196,104.00,104.00,103.00,104.00,,0.0,103.50,6,104.00,37,11.57,
9941A,裕融甲特,99164,32,5205676,52.50,52.50,52.40,52.50,,0.0,52.40,109,52.50,54,0.00,
9942,茂順,144001,113,10425573,72.80,72.90,72.00,72.20,,0.0,72.20,2,72.30,1,12.99,
9943,好樂迪,980861,544,63331101,64.30,64.90,64.30,64.70,+,0.4,64.60,4,64.70,20,11.04,
9944,新麗,23000,16,372100,16.25,16.25,16.10,16.25,,0.0,16.20,9,16.25,22,180.56,
9945,潤泰新,1139159,827,55428746,48.55,48.75,48.55,48.70,+,0.25,48.70,10,48.75,9,3.03,
9946,三發地產,116879,68,1612290,13.90,13.90,13.70,13.85,+,0.05,13.80,6,13.85,35,9.89,
9955,佳龍,34000,25,436650,12.85,12.95,12.70,12.70,-,0.1,12.70,9,12.75,2,0.00,
9958,世紀鋼,1336759,870,93453320,70.60,70.90,69.20,69.20,-,1.2,69.20,41,69.30,1,266.15,
